--
-- PostgreSQL database dump
--

SET statement_timeout = 0;
SET lock_timeout = 0;
SET client_encoding = 'UTF8';
SET standard_conforming_strings = on;
SET check_function_bodies = false;
SET client_min_messages = warning;

SET search_path = public, pg_catalog;

ALTER TABLE ONLY public.supervising_table DROP CONSTRAINT supervising_table_staff_fkey;
ALTER TABLE ONLY public.supervising_table DROP CONSTRAINT supervising_table_phd_fkey;
ALTER TABLE ONLY public.suggestions DROP CONSTRAINT suggestions_person_id_fkey;
ALTER TABLE ONLY public.staff DROP CONSTRAINT staff_person_id_fkey;
ALTER TABLE ONLY public.postdocs DROP CONSTRAINT postdocs_person_id_fkey;
ALTER TABLE ONLY public.postdoc_table DROP CONSTRAINT postdoc_table_staff_fkey;
ALTER TABLE ONLY public.postdoc_table DROP CONSTRAINT postdoc_table_postdocs_fkey;
ALTER TABLE ONLY public.positions DROP CONSTRAINT positions_staff_id_fkey;
ALTER TABLE ONLY public.positions DROP CONSTRAINT positions_associate_id_fkey;
ALTER TABLE ONLY public.phd DROP CONSTRAINT phd_person_id_fkey;
ALTER TABLE ONLY public.grants DROP CONSTRAINT grants_staff_id_fkey;
ALTER TABLE ONLY public.grant_table DROP CONSTRAINT grant_table_staff_fkey;
ALTER TABLE ONLY public.grant_table DROP CONSTRAINT grant_table_grants_fkey;
ALTER TABLE ONLY public.dates DROP CONSTRAINT dates_staff_id_fkey;
ALTER TABLE ONLY public.dates DROP CONSTRAINT dates_postdoc_id_fkey;
ALTER TABLE ONLY public.dates DROP CONSTRAINT dates_position_id_fkey;
ALTER TABLE ONLY public.dates DROP CONSTRAINT dates_phd_id_fkey;
ALTER TABLE ONLY public.dates DROP CONSTRAINT dates_person_id_fkey;
ALTER TABLE ONLY public.dates DROP CONSTRAINT dates_grant_id_fkey;
ALTER TABLE ONLY public.dates DROP CONSTRAINT dates_associate_id_fkey;
ALTER TABLE ONLY public.associates DROP CONSTRAINT associates_person_id_fkey;
DROP TRIGGER positions_search_vector_trigger ON public.positions;
DROP TRIGGER phd_search_vector_trigger ON public.phd;
DROP TRIGGER people_search_vector_trigger ON public.people;
DROP INDEX public.ix_positions_search_vector;
DROP INDEX public.ix_phd_search_vector;
DROP INDEX public.ix_people_search_vector;
ALTER TABLE ONLY public.users DROP CONSTRAINT users_pkey;
ALTER TABLE ONLY public.suggestions DROP CONSTRAINT suggestions_pkey;
ALTER TABLE ONLY public.staff DROP CONSTRAINT staff_pkey;
ALTER TABLE ONLY public.postdocs DROP CONSTRAINT postdocs_pkey;
ALTER TABLE ONLY public.positions DROP CONSTRAINT positions_pkey;
ALTER TABLE ONLY public.phd DROP CONSTRAINT phd_pkey;
ALTER TABLE ONLY public.people DROP CONSTRAINT people_pkey;
ALTER TABLE ONLY public.grants DROP CONSTRAINT grants_pkey;
ALTER TABLE ONLY public.dates DROP CONSTRAINT dates_pkey;
ALTER TABLE ONLY public.associates DROP CONSTRAINT associates_pkey;
ALTER TABLE public.suggestions ALTER COLUMN id DROP DEFAULT;
ALTER TABLE public.staff ALTER COLUMN id DROP DEFAULT;
ALTER TABLE public.postdocs ALTER COLUMN id DROP DEFAULT;
ALTER TABLE public.positions ALTER COLUMN id DROP DEFAULT;
ALTER TABLE public.phd ALTER COLUMN id DROP DEFAULT;
ALTER TABLE public.people ALTER COLUMN id DROP DEFAULT;
ALTER TABLE public.grants ALTER COLUMN id DROP DEFAULT;
ALTER TABLE public.dates ALTER COLUMN id DROP DEFAULT;
ALTER TABLE public.associates ALTER COLUMN id DROP DEFAULT;
DROP TABLE public.users;
DROP TABLE public.supervising_table;
DROP SEQUENCE public.suggestions_id_seq;
DROP TABLE public.suggestions;
DROP SEQUENCE public.staff_id_seq;
DROP TABLE public.staff;
DROP SEQUENCE public.postdocs_id_seq;
DROP TABLE public.postdocs;
DROP TABLE public.postdoc_table;
DROP SEQUENCE public.positions_id_seq;
DROP TABLE public.positions;
DROP SEQUENCE public.phd_id_seq;
DROP TABLE public.phd;
DROP SEQUENCE public.people_id_seq;
DROP TABLE public.people;
DROP SEQUENCE public.grants_id_seq;
DROP TABLE public.grants;
DROP TABLE public.grant_table;
DROP SEQUENCE public.dates_id_seq;
DROP TABLE public.dates;
DROP SEQUENCE public.associates_id_seq;
DROP TABLE public.associates;
DROP FUNCTION public.positions_search_vector_update();
DROP FUNCTION public.phd_search_vector_update();
DROP FUNCTION public.people_search_vector_update();
DROP EXTENSION plpgsql;
DROP SCHEMA public;
--
-- Name: public; Type: SCHEMA; Schema: -; Owner: -
--

CREATE SCHEMA public;


--
-- Name: SCHEMA public; Type: COMMENT; Schema: -; Owner: -
--

COMMENT ON SCHEMA public IS 'standard public schema';


--
-- Name: plpgsql; Type: EXTENSION; Schema: -; Owner: -
--

CREATE EXTENSION IF NOT EXISTS plpgsql WITH SCHEMA pg_catalog;


--
-- Name: EXTENSION plpgsql; Type: COMMENT; Schema: -; Owner: -
--

COMMENT ON EXTENSION plpgsql IS 'PL/pgSQL procedural language';


SET search_path = public, pg_catalog;

--
-- Name: people_search_vector_update(); Type: FUNCTION; Schema: public; Owner: -
--

CREATE FUNCTION people_search_vector_update() RETURNS trigger
    LANGUAGE plpgsql
    AS $$
            BEGIN
                NEW.search_vector = (setweight(to_tsvector('pg_catalog.english', regexp_replace(coalesce(NEW.name, ''), '[-@.]', ' ', 'g')), 'A') || setweight(to_tsvector('pg_catalog.english', regexp_replace(coalesce(NEW.location, ''), '[-@.]', ' ', 'g')), 'C')) || setweight(to_tsvector('pg_catalog.english', regexp_replace(coalesce(NEW.nationality, ''), '[-@.]', ' ', 'g')), 'C');
                RETURN NEW;
            END
            $$;


--
-- Name: phd_search_vector_update(); Type: FUNCTION; Schema: public; Owner: -
--

CREATE FUNCTION phd_search_vector_update() RETURNS trigger
    LANGUAGE plpgsql
    AS $$
            BEGIN
                NEW.search_vector = setweight(to_tsvector('pg_catalog.english', regexp_replace(coalesce(NEW.thesis, ''), '[-@.]', ' ', 'g')), 'B');
                RETURN NEW;
            END
            $$;


--
-- Name: positions_search_vector_update(); Type: FUNCTION; Schema: public; Owner: -
--

CREATE FUNCTION positions_search_vector_update() RETURNS trigger
    LANGUAGE plpgsql
    AS $$
            BEGIN
                NEW.search_vector = setweight(to_tsvector('pg_catalog.english', regexp_replace(coalesce(NEW.position, ''), '[-@.]', ' ', 'g')), 'B');
                RETURN NEW;
            END
            $$;


SET default_tablespace = '';

SET default_with_oids = false;

--
-- Name: associates; Type: TABLE; Schema: public; Owner: -; Tablespace: 
--

CREATE TABLE associates (
    id integer NOT NULL,
    person_id integer
);


--
-- Name: associates_id_seq; Type: SEQUENCE; Schema: public; Owner: -
--

CREATE SEQUENCE associates_id_seq
    START WITH 1
    INCREMENT BY 1
    NO MINVALUE
    NO MAXVALUE
    CACHE 1;


--
-- Name: associates_id_seq; Type: SEQUENCE OWNED BY; Schema: public; Owner: -
--

ALTER SEQUENCE associates_id_seq OWNED BY associates.id;


--
-- Name: dates; Type: TABLE; Schema: public; Owner: -; Tablespace: 
--

CREATE TABLE dates (
    id integer NOT NULL,
    start integer,
    "end" integer,
    person_id integer,
    staff_id integer,
    phd_id integer,
    associate_id integer,
    postdoc_id integer,
    position_id integer,
    grant_id integer
);


--
-- Name: dates_id_seq; Type: SEQUENCE; Schema: public; Owner: -
--

CREATE SEQUENCE dates_id_seq
    START WITH 1
    INCREMENT BY 1
    NO MINVALUE
    NO MAXVALUE
    CACHE 1;


--
-- Name: dates_id_seq; Type: SEQUENCE OWNED BY; Schema: public; Owner: -
--

ALTER SEQUENCE dates_id_seq OWNED BY dates.id;


--
-- Name: grant_table; Type: TABLE; Schema: public; Owner: -; Tablespace: 
--

CREATE TABLE grant_table (
    staff integer,
    grants integer
);


--
-- Name: grants; Type: TABLE; Schema: public; Owner: -; Tablespace: 
--

CREATE TABLE grants (
    id integer NOT NULL,
    ref character varying,
    org character varying,
    title character varying,
    value integer,
    url character varying,
    staff_id integer
);


--
-- Name: grants_id_seq; Type: SEQUENCE; Schema: public; Owner: -
--

CREATE SEQUENCE grants_id_seq
    START WITH 1
    INCREMENT BY 1
    NO MINVALUE
    NO MAXVALUE
    CACHE 1;


--
-- Name: grants_id_seq; Type: SEQUENCE OWNED BY; Schema: public; Owner: -
--

ALTER SEQUENCE grants_id_seq OWNED BY grants.id;


--
-- Name: people; Type: TABLE; Schema: public; Owner: -; Tablespace: 
--

CREATE TABLE people (
    id integer NOT NULL,
    name character varying,
    url character varying,
    location character varying,
    nationality character varying,
    search_vector tsvector
);


--
-- Name: people_id_seq; Type: SEQUENCE; Schema: public; Owner: -
--

CREATE SEQUENCE people_id_seq
    START WITH 1
    INCREMENT BY 1
    NO MINVALUE
    NO MAXVALUE
    CACHE 1;


--
-- Name: people_id_seq; Type: SEQUENCE OWNED BY; Schema: public; Owner: -
--

ALTER SEQUENCE people_id_seq OWNED BY people.id;


--
-- Name: phd; Type: TABLE; Schema: public; Owner: -; Tablespace: 
--

CREATE TABLE phd (
    id integer NOT NULL,
    thesis character varying,
    person_id integer,
    search_vector tsvector
);


--
-- Name: phd_id_seq; Type: SEQUENCE; Schema: public; Owner: -
--

CREATE SEQUENCE phd_id_seq
    START WITH 1
    INCREMENT BY 1
    NO MINVALUE
    NO MAXVALUE
    CACHE 1;


--
-- Name: phd_id_seq; Type: SEQUENCE OWNED BY; Schema: public; Owner: -
--

ALTER SEQUENCE phd_id_seq OWNED BY phd.id;


--
-- Name: positions; Type: TABLE; Schema: public; Owner: -; Tablespace: 
--

CREATE TABLE positions (
    id integer NOT NULL,
    "position" character varying,
    staff_id integer,
    associate_id integer,
    search_vector tsvector
);


--
-- Name: positions_id_seq; Type: SEQUENCE; Schema: public; Owner: -
--

CREATE SEQUENCE positions_id_seq
    START WITH 1
    INCREMENT BY 1
    NO MINVALUE
    NO MAXVALUE
    CACHE 1;


--
-- Name: positions_id_seq; Type: SEQUENCE OWNED BY; Schema: public; Owner: -
--

ALTER SEQUENCE positions_id_seq OWNED BY positions.id;


--
-- Name: postdoc_table; Type: TABLE; Schema: public; Owner: -; Tablespace: 
--

CREATE TABLE postdoc_table (
    staff integer,
    postdocs integer
);


--
-- Name: postdocs; Type: TABLE; Schema: public; Owner: -; Tablespace: 
--

CREATE TABLE postdocs (
    id integer NOT NULL,
    person_id integer
);


--
-- Name: postdocs_id_seq; Type: SEQUENCE; Schema: public; Owner: -
--

CREATE SEQUENCE postdocs_id_seq
    START WITH 1
    INCREMENT BY 1
    NO MINVALUE
    NO MAXVALUE
    CACHE 1;


--
-- Name: postdocs_id_seq; Type: SEQUENCE OWNED BY; Schema: public; Owner: -
--

ALTER SEQUENCE postdocs_id_seq OWNED BY postdocs.id;


--
-- Name: staff; Type: TABLE; Schema: public; Owner: -; Tablespace: 
--

CREATE TABLE staff (
    id integer NOT NULL,
    research_explorer character varying,
    person_id integer
);


--
-- Name: staff_id_seq; Type: SEQUENCE; Schema: public; Owner: -
--

CREATE SEQUENCE staff_id_seq
    START WITH 1
    INCREMENT BY 1
    NO MINVALUE
    NO MAXVALUE
    CACHE 1;


--
-- Name: staff_id_seq; Type: SEQUENCE OWNED BY; Schema: public; Owner: -
--

ALTER SEQUENCE staff_id_seq OWNED BY staff.id;


--
-- Name: suggestions; Type: TABLE; Schema: public; Owner: -; Tablespace: 
--

CREATE TABLE suggestions (
    id integer NOT NULL,
    person_id integer,
    dict character varying,
    final boolean
);


--
-- Name: suggestions_id_seq; Type: SEQUENCE; Schema: public; Owner: -
--

CREATE SEQUENCE suggestions_id_seq
    START WITH 1
    INCREMENT BY 1
    NO MINVALUE
    NO MAXVALUE
    CACHE 1;


--
-- Name: suggestions_id_seq; Type: SEQUENCE OWNED BY; Schema: public; Owner: -
--

ALTER SEQUENCE suggestions_id_seq OWNED BY suggestions.id;


--
-- Name: supervising_table; Type: TABLE; Schema: public; Owner: -; Tablespace: 
--

CREATE TABLE supervising_table (
    staff integer,
    phd integer
);


--
-- Name: users; Type: TABLE; Schema: public; Owner: -; Tablespace: 
--

CREATE TABLE users (
    email character varying NOT NULL,
    password character varying,
    first_name character varying,
    last_name character varying,
    authenticated boolean
);


--
-- Name: id; Type: DEFAULT; Schema: public; Owner: -
--

ALTER TABLE ONLY associates ALTER COLUMN id SET DEFAULT nextval('associates_id_seq'::regclass);


--
-- Name: id; Type: DEFAULT; Schema: public; Owner: -
--

ALTER TABLE ONLY dates ALTER COLUMN id SET DEFAULT nextval('dates_id_seq'::regclass);


--
-- Name: id; Type: DEFAULT; Schema: public; Owner: -
--

ALTER TABLE ONLY grants ALTER COLUMN id SET DEFAULT nextval('grants_id_seq'::regclass);


--
-- Name: id; Type: DEFAULT; Schema: public; Owner: -
--

ALTER TABLE ONLY people ALTER COLUMN id SET DEFAULT nextval('people_id_seq'::regclass);


--
-- Name: id; Type: DEFAULT; Schema: public; Owner: -
--

ALTER TABLE ONLY phd ALTER COLUMN id SET DEFAULT nextval('phd_id_seq'::regclass);


--
-- Name: id; Type: DEFAULT; Schema: public; Owner: -
--

ALTER TABLE ONLY positions ALTER COLUMN id SET DEFAULT nextval('positions_id_seq'::regclass);


--
-- Name: id; Type: DEFAULT; Schema: public; Owner: -
--

ALTER TABLE ONLY postdocs ALTER COLUMN id SET DEFAULT nextval('postdocs_id_seq'::regclass);


--
-- Name: id; Type: DEFAULT; Schema: public; Owner: -
--

ALTER TABLE ONLY staff ALTER COLUMN id SET DEFAULT nextval('staff_id_seq'::regclass);


--
-- Name: id; Type: DEFAULT; Schema: public; Owner: -
--

ALTER TABLE ONLY suggestions ALTER COLUMN id SET DEFAULT nextval('suggestions_id_seq'::regclass);


--
-- Data for Name: associates; Type: TABLE DATA; Schema: public; Owner: -
--

COPY associates (id, person_id) FROM stdin;
1	4
2	26
3	30
4	43
5	50
6	52
7	64
8	65
9	66
10	80
11	89
12	97
13	99
14	113
15	115
16	116
17	121
18	125
19	126
20	127
21	153
22	180
23	182
24	184
25	186
26	194
27	200
28	210
29	217
30	225
31	237
32	260
33	261
34	266
35	270
36	291
37	301
38	303
39	320
40	321
41	322
42	330
43	343
44	353
45	361
46	375
47	379
48	396
49	399
50	416
51	419
52	422
53	426
54	430
55	439
56	444
57	445
58	468
\.


--
-- Name: associates_id_seq; Type: SEQUENCE SET; Schema: public; Owner: -
--

SELECT pg_catalog.setval('associates_id_seq', 58, true);


--
-- Data for Name: dates; Type: TABLE DATA; Schema: public; Owner: -
--

COPY dates (id, start, "end", person_id, staff_id, phd_id, associate_id, postdoc_id, position_id, grant_id) FROM stdin;
1	2000	2005	\N	\N	1	\N	\N	\N	\N
2	2000	2005	1	\N	\N	\N	\N	\N	\N
3	\N	\N	\N	\N	\N	\N	\N	1	\N
4	2011	2012	\N	1	\N	\N	\N	\N	\N
5	2011	2012	2	\N	\N	\N	\N	\N	\N
6	\N	\N	\N	\N	\N	\N	\N	2	\N
7	2009	2012	\N	2	\N	\N	\N	\N	\N
8	2009	2012	3	\N	\N	\N	\N	\N	\N
9	\N	\N	\N	\N	\N	\N	\N	3	\N
10	1992	1992	\N	\N	\N	1	\N	\N	\N
11	1992	1992	4	\N	\N	\N	\N	\N	\N
12	2012	2016	\N	\N	2	\N	\N	\N	\N
13	2012	2016	5	\N	\N	\N	\N	\N	\N
14	2005	2011	\N	\N	3	\N	\N	\N	\N
15	2005	2011	6	\N	\N	\N	\N	\N	\N
16	2012	2015	\N	\N	4	\N	\N	\N	\N
17	2012	2015	7	\N	\N	\N	\N	\N	\N
18	2013	2016	\N	\N	5	\N	\N	\N	\N
19	2013	2016	8	\N	\N	\N	\N	\N	\N
20	1989	\N	\N	\N	6	\N	\N	\N	\N
21	1989	\N	9	\N	\N	\N	\N	\N	\N
22	2006	2010	\N	\N	7	\N	\N	\N	\N
23	2006	2010	10	\N	\N	\N	\N	\N	\N
24	1986	\N	\N	\N	8	\N	\N	\N	\N
25	1986	\N	11	\N	\N	\N	\N	\N	\N
26	1987	\N	\N	\N	9	\N	\N	\N	\N
27	1987	\N	12	\N	\N	\N	\N	\N	\N
28	\N	\N	\N	\N	\N	\N	\N	4	\N
29	1988	\N	\N	3	\N	\N	\N	\N	\N
31	\N	\N	\N	\N	\N	\N	\N	5	\N
32	\N	\N	\N	\N	\N	\N	\N	6	\N
33	1986	\N	\N	4	\N	\N	\N	\N	\N
35	2015	2015	\N	5	\N	\N	\N	\N	\N
36	2015	2015	15	\N	\N	\N	\N	\N	\N
37	1987	1991	\N	\N	10	\N	\N	\N	\N
38	1987	1991	16	\N	\N	\N	\N	\N	\N
39	2006	2011	\N	\N	11	\N	\N	\N	\N
40	2006	2011	17	\N	\N	\N	\N	\N	\N
41	\N	\N	18	\N	\N	\N	\N	\N	\N
42	\N	\N	\N	6	\N	\N	\N	\N	\N
51	2014	\N	\N	\N	13	\N	\N	\N	\N
53	2001	2006	\N	\N	14	\N	\N	\N	\N
54	2001	2006	22	\N	\N	\N	\N	\N	\N
55	2011	2016	\N	8	\N	\N	\N	\N	\N
56	2011	2016	23	\N	\N	\N	\N	\N	\N
57	\N	\N	\N	\N	\N	\N	\N	10	\N
58	1986	1988	\N	9	\N	\N	\N	\N	\N
59	1986	1988	24	\N	\N	\N	\N	\N	\N
60	2011	2011	\N	10	\N	\N	\N	\N	\N
61	2011	2011	25	\N	\N	\N	\N	\N	\N
62	\N	\N	\N	\N	\N	\N	\N	11	\N
63	\N	\N	\N	\N	\N	2	\N	\N	\N
64	\N	\N	26	\N	\N	\N	\N	\N	\N
65	2010	2015	\N	\N	15	\N	\N	\N	\N
66	2010	2015	27	\N	\N	\N	\N	\N	\N
67	1992	\N	\N	\N	16	\N	\N	\N	\N
68	1992	\N	28	\N	\N	\N	\N	\N	\N
69	\N	\N	29	\N	\N	\N	\N	\N	\N
70	\N	\N	\N	\N	\N	\N	\N	12	\N
71	2011	2011	\N	\N	\N	3	\N	\N	\N
72	2011	2011	30	\N	\N	\N	\N	\N	\N
73	2004	2004	\N	11	\N	\N	\N	\N	\N
74	2004	2004	31	\N	\N	\N	\N	\N	\N
75	2005	2007	\N	\N	17	\N	\N	\N	\N
76	2005	2007	32	\N	\N	\N	\N	\N	\N
77	2003	2005	\N	\N	18	\N	\N	\N	\N
78	2003	2005	33	\N	\N	\N	\N	\N	\N
79	1986	\N	\N	\N	19	\N	\N	\N	\N
80	1986	\N	34	\N	\N	\N	\N	\N	\N
81	2015	\N	\N	12	\N	\N	\N	\N	\N
83	1990	1992	\N	\N	20	\N	\N	\N	\N
84	1990	1992	36	\N	\N	\N	\N	\N	\N
85	2006	2006	\N	13	\N	\N	\N	\N	\N
86	2006	2006	37	\N	\N	\N	\N	\N	\N
87	1998	2002	\N	\N	21	\N	\N	\N	\N
88	1998	2002	38	\N	\N	\N	\N	\N	\N
89	1986	\N	\N	\N	22	\N	\N	\N	\N
90	1986	\N	39	\N	\N	\N	\N	\N	\N
91	\N	\N	40	\N	\N	\N	\N	\N	\N
92	\N	\N	41	\N	\N	\N	\N	\N	\N
93	\N	\N	\N	\N	\N	\N	\N	13	\N
94	1989	\N	\N	14	\N	\N	\N	\N	\N
95	1989	\N	42	\N	\N	\N	\N	\N	\N
96	\N	\N	\N	\N	\N	\N	\N	14	\N
97	\N	\N	\N	\N	\N	4	\N	\N	\N
98	\N	\N	43	\N	\N	\N	\N	\N	\N
99	\N	\N	\N	\N	\N	\N	\N	15	\N
100	1986	\N	\N	15	\N	\N	\N	\N	\N
101	1986	\N	44	\N	\N	\N	\N	\N	\N
102	2011	2011	\N	16	\N	\N	\N	\N	\N
103	2011	2011	45	\N	\N	\N	\N	\N	\N
104	2016	\N	\N	\N	23	\N	\N	\N	\N
106	1987	\N	\N	\N	24	\N	\N	\N	\N
107	1987	\N	47	\N	\N	\N	\N	\N	\N
108	2006	2006	\N	17	\N	\N	\N	\N	\N
109	2006	2006	48	\N	\N	\N	\N	\N	\N
110	\N	\N	49	\N	\N	\N	\N	\N	\N
111	\N	\N	\N	\N	\N	\N	\N	16	\N
112	2014	2016	\N	\N	\N	5	\N	\N	\N
113	2014	2016	50	\N	\N	\N	\N	\N	\N
114	2006	2007	\N	18	\N	\N	\N	\N	\N
115	2006	2007	51	\N	\N	\N	\N	\N	\N
116	\N	\N	\N	\N	\N	\N	\N	17	\N
117	2007	2007	\N	\N	\N	6	\N	\N	\N
118	2007	2007	52	\N	\N	\N	\N	\N	\N
119	\N	\N	\N	\N	\N	\N	\N	18	\N
120	1987	\N	\N	19	\N	\N	\N	\N	\N
122	2007	2007	\N	20	\N	\N	\N	\N	\N
123	2007	2007	54	\N	\N	\N	\N	\N	\N
124	2002	2006	\N	\N	26	\N	\N	\N	\N
125	2002	2006	55	\N	\N	\N	\N	\N	\N
126	1987	\N	\N	\N	27	\N	\N	\N	\N
127	1987	\N	56	\N	\N	\N	\N	\N	\N
128	1986	\N	\N	\N	28	\N	\N	\N	\N
129	1986	\N	57	\N	\N	\N	\N	\N	\N
130	\N	\N	\N	\N	\N	\N	\N	19	\N
131	2011	2011	\N	21	\N	\N	\N	\N	\N
132	2011	2011	58	\N	\N	\N	\N	\N	\N
133	1990	\N	\N	\N	29	\N	\N	\N	\N
134	1990	\N	59	\N	\N	\N	\N	\N	\N
135	\N	\N	60	\N	\N	\N	\N	\N	\N
136	2013	2013	\N	\N	30	\N	\N	\N	\N
137	2013	2013	61	\N	\N	\N	\N	\N	\N
138	2004	2016	\N	22	\N	\N	\N	\N	\N
139	2004	2016	62	\N	\N	\N	\N	\N	\N
140	\N	\N	\N	\N	\N	\N	\N	20	\N
141	2004	\N	\N	23	\N	\N	\N	\N	\N
144	\N	\N	\N	\N	\N	\N	\N	21	\N
145	\N	\N	\N	\N	\N	7	\N	\N	\N
146	\N	\N	64	\N	\N	\N	\N	\N	\N
147	\N	\N	\N	\N	\N	\N	\N	22	\N
148	\N	2005	\N	\N	\N	8	\N	\N	\N
150	\N	\N	\N	\N	\N	\N	\N	23	\N
151	\N	\N	\N	\N	\N	\N	\N	24	\N
152	1986	2011	\N	24	\N	\N	\N	\N	\N
153	1986	2011	65	\N	\N	\N	\N	\N	\N
154	\N	\N	\N	\N	\N	\N	\N	25	\N
155	2007	2007	\N	\N	\N	9	\N	\N	\N
156	2007	2007	66	\N	\N	\N	\N	\N	\N
157	2003	2008	\N	\N	31	\N	\N	\N	\N
159	\N	\N	\N	\N	\N	\N	\N	26	\N
160	2008	2016	\N	25	\N	\N	\N	\N	\N
161	2008	2016	67	\N	\N	\N	\N	\N	\N
162	2004	2004	\N	26	\N	\N	\N	\N	\N
164	\N	\N	\N	\N	32	\N	\N	\N	\N
165	\N	\N	68	\N	\N	\N	\N	\N	\N
166	2013	2016	\N	\N	33	\N	\N	\N	\N
167	2013	2016	69	\N	\N	\N	\N	\N	\N
30	1988	2016	13	\N	\N	\N	\N	\N	\N
168	1998	\N	\N	\N	34	\N	\N	\N	\N
169	1998	\N	70	\N	\N	\N	\N	\N	\N
170	1986	1988	\N	\N	35	\N	\N	\N	\N
171	1986	1988	71	\N	\N	\N	\N	\N	\N
172	2015	\N	\N	27	\N	\N	\N	\N	\N
174	1986	\N	\N	\N	36	\N	\N	\N	\N
175	1986	\N	73	\N	\N	\N	\N	\N	\N
176	\N	\N	\N	\N	37	\N	\N	\N	\N
177	\N	\N	74	\N	\N	\N	\N	\N	\N
178	2009	2013	\N	\N	38	\N	\N	\N	\N
179	2009	2013	75	\N	\N	\N	\N	\N	\N
180	2016	2016	\N	\N	39	\N	\N	\N	\N
181	2016	2016	76	\N	\N	\N	\N	\N	\N
182	2004	2004	\N	28	\N	\N	\N	\N	\N
183	2004	2004	77	\N	\N	\N	\N	\N	\N
186	2011	2011	\N	\N	\N	\N	1	\N	\N
187	2011	2011	79	\N	\N	\N	\N	\N	\N
188	\N	\N	\N	\N	\N	\N	\N	27	\N
189	2006	2006	\N	\N	\N	10	\N	\N	\N
190	2006	2006	80	\N	\N	\N	\N	\N	\N
191	\N	\N	\N	\N	41	\N	\N	\N	\N
192	\N	\N	81	\N	\N	\N	\N	\N	\N
193	\N	\N	\N	\N	\N	\N	\N	28	\N
194	2014	2015	\N	29	\N	\N	\N	\N	\N
195	2014	2015	82	\N	\N	\N	\N	\N	\N
196	2013	2016	\N	30	\N	\N	\N	\N	\N
197	2013	2016	83	\N	\N	\N	\N	\N	\N
198	2005	2005	\N	\N	42	\N	\N	\N	\N
199	2005	2005	84	\N	\N	\N	\N	\N	\N
200	\N	\N	\N	\N	\N	\N	\N	29	\N
201	2005	\N	\N	31	\N	\N	\N	\N	\N
203	1987	\N	\N	\N	43	\N	\N	\N	\N
204	1987	\N	86	\N	\N	\N	\N	\N	\N
205	2004	2007	\N	32	\N	\N	\N	\N	\N
206	2004	2007	87	\N	\N	\N	\N	\N	\N
207	1989	1992	\N	\N	44	\N	\N	\N	\N
208	1989	1992	88	\N	\N	\N	\N	\N	\N
209	\N	\N	\N	\N	\N	\N	\N	30	\N
210	1991	1992	\N	\N	\N	11	\N	\N	\N
211	1991	1992	89	\N	\N	\N	\N	\N	\N
212	2015	\N	\N	\N	45	\N	\N	\N	\N
214	2007	2007	\N	\N	\N	\N	2	\N	\N
215	2007	2007	91	\N	\N	\N	\N	\N	\N
216	2016	\N	\N	\N	\N	\N	3	\N	\N
218	2002	2015	\N	\N	46	\N	\N	\N	\N
219	2002	2015	93	\N	\N	\N	\N	\N	\N
220	1996	2000	\N	\N	47	\N	\N	\N	\N
221	1996	2000	94	\N	\N	\N	\N	\N	\N
222	\N	\N	\N	\N	\N	\N	\N	31	\N
223	1986	\N	\N	33	\N	\N	\N	\N	\N
224	1986	\N	95	\N	\N	\N	\N	\N	\N
225	2011	2012	\N	\N	48	\N	\N	\N	\N
226	2011	2012	96	\N	\N	\N	\N	\N	\N
227	1986	\N	\N	\N	49	\N	\N	\N	\N
229	\N	\N	\N	34	\N	\N	\N	\N	\N
231	\N	\N	\N	\N	\N	\N	\N	32	\N
232	\N	\N	\N	\N	\N	12	\N	\N	\N
233	\N	\N	97	\N	\N	\N	\N	\N	\N
234	2005	2007	\N	35	\N	\N	\N	\N	\N
235	2005	2007	98	\N	\N	\N	\N	\N	\N
236	\N	\N	\N	\N	\N	\N	\N	33	\N
237	1990	1991	\N	\N	\N	13	\N	\N	\N
238	1990	1991	99	\N	\N	\N	\N	\N	\N
239	2000	2004	\N	\N	50	\N	\N	\N	\N
240	2000	2004	100	\N	\N	\N	\N	\N	\N
241	2005	2009	\N	\N	51	\N	\N	\N	\N
242	2005	2009	101	\N	\N	\N	\N	\N	\N
243	2006	\N	\N	\N	52	\N	\N	\N	\N
244	2006	\N	102	\N	\N	\N	\N	\N	\N
245	\N	\N	\N	\N	\N	\N	\N	34	\N
246	\N	\N	\N	36	\N	\N	\N	\N	\N
248	2004	2004	\N	37	\N	\N	\N	\N	\N
249	2004	2004	104	\N	\N	\N	\N	\N	\N
250	1988	1992	\N	\N	53	\N	\N	\N	\N
251	1988	1992	105	\N	\N	\N	\N	\N	\N
252	2014	2016	\N	38	\N	\N	\N	\N	\N
253	2014	2016	106	\N	\N	\N	\N	\N	\N
254	1986	\N	\N	\N	54	\N	\N	\N	\N
255	1986	\N	107	\N	\N	\N	\N	\N	\N
256	\N	\N	\N	\N	\N	\N	\N	35	\N
257	2011	\N	\N	39	\N	\N	\N	\N	\N
259	2008	2010	\N	\N	\N	\N	4	\N	\N
260	2008	2010	109	\N	\N	\N	\N	\N	\N
261	1986	\N	\N	\N	55	\N	\N	\N	\N
262	1986	\N	110	\N	\N	\N	\N	\N	\N
263	2004	2007	\N	40	\N	\N	\N	\N	\N
264	2004	2007	111	\N	\N	\N	\N	\N	\N
265	2013	\N	\N	\N	56	\N	\N	\N	\N
266	2013	\N	112	\N	\N	\N	\N	\N	\N
267	\N	\N	\N	\N	\N	\N	\N	36	\N
268	2006	2006	\N	\N	\N	14	\N	\N	\N
269	2006	2006	113	\N	\N	\N	\N	\N	\N
270	2015	2015	\N	41	\N	\N	\N	\N	\N
271	2015	2015	114	\N	\N	\N	\N	\N	\N
272	\N	\N	\N	\N	57	\N	\N	\N	\N
274	\N	\N	\N	\N	\N	\N	\N	37	\N
275	\N	2014	\N	\N	\N	15	\N	\N	\N
276	\N	2014	115	\N	\N	\N	\N	\N	\N
277	\N	\N	\N	\N	\N	\N	\N	38	\N
278	\N	\N	\N	\N	\N	16	\N	\N	\N
279	\N	\N	116	\N	\N	\N	\N	\N	\N
280	\N	\N	\N	\N	\N	\N	\N	39	\N
281	2012	2015	\N	42	\N	\N	\N	\N	\N
282	2012	2015	117	\N	\N	\N	\N	\N	\N
283	2007	2010	\N	\N	58	\N	\N	\N	\N
284	2007	2010	118	\N	\N	\N	\N	\N	\N
285	1994	2001	\N	\N	59	\N	\N	\N	\N
286	1994	2001	119	\N	\N	\N	\N	\N	\N
287	\N	\N	\N	\N	\N	\N	\N	40	\N
288	2014	2015	\N	43	\N	\N	\N	\N	\N
289	2014	2015	120	\N	\N	\N	\N	\N	\N
290	\N	\N	\N	\N	\N	\N	\N	41	\N
291	2005	2005	\N	\N	\N	17	\N	\N	\N
292	2005	2005	121	\N	\N	\N	\N	\N	\N
293	\N	\N	122	\N	\N	\N	\N	\N	\N
294	2006	2011	\N	\N	60	\N	\N	\N	\N
295	2006	2011	123	\N	\N	\N	\N	\N	\N
296	2013	2013	\N	44	\N	\N	\N	\N	\N
297	2013	2013	124	\N	\N	\N	\N	\N	\N
298	\N	\N	\N	\N	\N	\N	\N	42	\N
299	2004	2004	\N	\N	\N	18	\N	\N	\N
300	2004	2004	125	\N	\N	\N	\N	\N	\N
301	\N	\N	\N	\N	\N	\N	\N	43	\N
302	\N	\N	\N	\N	\N	19	\N	\N	\N
303	\N	\N	126	\N	\N	\N	\N	\N	\N
304	\N	\N	\N	\N	\N	\N	\N	44	\N
305	2015	2016	\N	\N	\N	20	\N	\N	\N
306	2015	2016	127	\N	\N	\N	\N	\N	\N
307	\N	\N	\N	\N	\N	\N	\N	45	\N
308	2008	2011	\N	45	\N	\N	\N	\N	\N
309	2008	2011	128	\N	\N	\N	\N	\N	\N
310	\N	\N	\N	46	\N	\N	\N	\N	\N
311	\N	\N	129	\N	\N	\N	\N	\N	\N
312	1993	1994	\N	\N	61	\N	\N	\N	\N
314	2003	2005	\N	47	\N	\N	\N	\N	\N
315	2003	2005	130	\N	\N	\N	\N	\N	\N
316	1998	2002	\N	\N	62	\N	\N	\N	\N
317	1998	2002	131	\N	\N	\N	\N	\N	\N
318	\N	\N	\N	\N	\N	\N	\N	46	\N
319	2004	\N	\N	48	\N	\N	\N	\N	\N
321	\N	\N	133	\N	\N	\N	\N	\N	\N
322	1990	\N	\N	\N	63	\N	\N	\N	\N
323	1990	\N	134	\N	\N	\N	\N	\N	\N
324	2006	2007	\N	49	\N	\N	\N	\N	\N
325	2006	2007	135	\N	\N	\N	\N	\N	\N
326	\N	\N	\N	\N	\N	\N	\N	47	\N
327	2004	\N	\N	50	\N	\N	\N	\N	\N
329	2006	2007	\N	51	\N	\N	\N	\N	\N
330	2006	2007	137	\N	\N	\N	\N	\N	\N
331	1986	1992	\N	\N	64	\N	\N	\N	\N
332	1986	1992	138	\N	\N	\N	\N	\N	\N
173	2015	2016	72	\N	\N	\N	\N	\N	\N
333	2013	\N	\N	\N	65	\N	\N	\N	\N
335	2015	\N	\N	\N	66	\N	\N	\N	\N
337	\N	2005	\N	\N	67	\N	\N	\N	\N
339	\N	\N	\N	52	\N	\N	\N	\N	\N
340	\N	\N	141	\N	\N	\N	\N	\N	\N
341	2013	2016	\N	\N	68	\N	\N	\N	\N
342	2013	2016	142	\N	\N	\N	\N	\N	\N
343	2011	2015	\N	\N	\N	\N	5	\N	\N
344	2011	2015	143	\N	\N	\N	\N	\N	\N
345	\N	\N	\N	\N	\N	\N	\N	48	\N
346	1987	\N	\N	53	\N	\N	\N	\N	\N
347	1987	\N	144	\N	\N	\N	\N	\N	\N
348	\N	\N	145	\N	\N	\N	\N	\N	\N
349	\N	\N	\N	\N	69	\N	\N	\N	\N
350	\N	\N	146	\N	\N	\N	\N	\N	\N
351	2001	2006	\N	\N	70	\N	\N	\N	\N
352	2001	2006	147	\N	\N	\N	\N	\N	\N
353	2006	2007	\N	54	\N	\N	\N	\N	\N
354	2006	2007	148	\N	\N	\N	\N	\N	\N
355	\N	\N	\N	\N	\N	\N	\N	49	\N
356	1988	\N	\N	55	\N	\N	\N	\N	\N
358	2014	\N	\N	\N	71	\N	\N	\N	\N
360	2016	\N	\N	\N	\N	\N	6	\N	\N
362	2013	\N	\N	\N	72	\N	\N	\N	\N
364	\N	\N	\N	\N	\N	\N	\N	50	\N
365	2006	2006	\N	\N	\N	21	\N	\N	\N
366	2006	2006	153	\N	\N	\N	\N	\N	\N
367	\N	\N	154	\N	\N	\N	\N	\N	\N
368	1998	2003	\N	\N	73	\N	\N	\N	\N
370	2004	2004	\N	56	\N	\N	\N	\N	\N
371	2004	2004	155	\N	\N	\N	\N	\N	\N
372	2015	\N	\N	\N	74	\N	\N	\N	\N
374	\N	\N	\N	\N	75	\N	\N	\N	\N
375	\N	\N	157	\N	\N	\N	\N	\N	\N
376	1993	1997	\N	\N	76	\N	\N	\N	\N
378	\N	\N	\N	\N	\N	\N	\N	51	\N
379	2007	2016	\N	57	\N	\N	\N	\N	\N
380	2007	2016	158	\N	\N	\N	\N	\N	\N
381	1988	1992	\N	\N	77	\N	\N	\N	\N
382	1988	1992	159	\N	\N	\N	\N	\N	\N
383	\N	\N	\N	\N	\N	\N	\N	52	\N
384	2012	2016	\N	58	\N	\N	\N	\N	\N
385	2012	2016	160	\N	\N	\N	\N	\N	\N
386	2005	2011	\N	59	\N	\N	\N	\N	\N
387	2005	2011	161	\N	\N	\N	\N	\N	\N
388	2006	2006	\N	\N	\N	\N	7	\N	\N
389	2006	2006	162	\N	\N	\N	\N	\N	\N
390	2012	\N	\N	\N	78	\N	\N	\N	\N
392	2009	2013	\N	\N	79	\N	\N	\N	\N
393	2009	2013	164	\N	\N	\N	\N	\N	\N
394	1990	1995	\N	\N	80	\N	\N	\N	\N
395	1990	1995	165	\N	\N	\N	\N	\N	\N
396	2010	2013	\N	\N	\N	\N	8	\N	\N
397	2010	2013	166	\N	\N	\N	\N	\N	\N
398	2015	\N	\N	\N	81	\N	\N	\N	\N
400	2016	\N	\N	\N	82	\N	\N	\N	\N
402	\N	\N	\N	\N	\N	\N	\N	53	\N
403	\N	\N	\N	\N	\N	\N	\N	54	\N
404	\N	\N	\N	60	\N	\N	\N	\N	\N
406	\N	2004	\N	61	\N	\N	\N	\N	\N
407	\N	2004	170	\N	\N	\N	\N	\N	\N
408	2016	\N	\N	62	\N	\N	\N	\N	\N
410	\N	\N	\N	\N	83	\N	\N	\N	\N
411	\N	\N	172	\N	\N	\N	\N	\N	\N
412	1988	1992	\N	\N	84	\N	\N	\N	\N
413	1988	1992	173	\N	\N	\N	\N	\N	\N
414	\N	\N	\N	\N	85	\N	\N	\N	\N
415	\N	\N	174	\N	\N	\N	\N	\N	\N
416	1988	\N	\N	\N	86	\N	\N	\N	\N
417	1988	\N	175	\N	\N	\N	\N	\N	\N
418	\N	\N	\N	\N	\N	\N	\N	55	\N
419	2012	\N	\N	63	\N	\N	\N	\N	\N
421	\N	\N	177	\N	\N	\N	\N	\N	\N
422	\N	\N	178	\N	\N	\N	\N	\N	\N
423	2004	2005	\N	64	\N	\N	\N	\N	\N
424	2004	2005	179	\N	\N	\N	\N	\N	\N
425	\N	\N	\N	\N	\N	\N	\N	56	\N
426	\N	\N	\N	\N	\N	22	\N	\N	\N
427	\N	\N	180	\N	\N	\N	\N	\N	\N
428	\N	\N	181	\N	\N	\N	\N	\N	\N
429	\N	\N	\N	\N	\N	\N	\N	57	\N
430	2006	2006	\N	\N	\N	23	\N	\N	\N
431	2006	2006	182	\N	\N	\N	\N	\N	\N
432	2015	\N	\N	\N	\N	\N	9	\N	\N
434	\N	\N	\N	\N	\N	\N	\N	58	\N
435	\N	2011	\N	\N	\N	24	\N	\N	\N
436	\N	2011	184	\N	\N	\N	\N	\N	\N
437	2011	2011	\N	\N	87	\N	\N	\N	\N
438	2011	2011	185	\N	\N	\N	\N	\N	\N
439	\N	\N	\N	\N	\N	\N	\N	59	\N
440	\N	2005	\N	\N	\N	25	\N	\N	\N
441	\N	2005	186	\N	\N	\N	\N	\N	\N
442	1987	\N	\N	\N	88	\N	\N	\N	\N
443	1987	\N	187	\N	\N	\N	\N	\N	\N
444	2007	2011	\N	\N	89	\N	\N	\N	\N
445	2007	2011	188	\N	\N	\N	\N	\N	\N
446	\N	2005	\N	65	\N	\N	\N	\N	\N
448	2003	2007	\N	\N	90	\N	\N	\N	\N
449	2003	2007	189	\N	\N	\N	\N	\N	\N
450	1986	\N	\N	\N	91	\N	\N	\N	\N
451	1986	\N	190	\N	\N	\N	\N	\N	\N
452	2013	2016	\N	\N	92	\N	\N	\N	\N
453	2013	2016	191	\N	\N	\N	\N	\N	\N
454	1995	2000	\N	\N	93	\N	\N	\N	\N
455	1995	2000	192	\N	\N	\N	\N	\N	\N
456	1996	2001	\N	\N	94	\N	\N	\N	\N
457	1996	2001	193	\N	\N	\N	\N	\N	\N
458	\N	\N	\N	\N	\N	\N	\N	60	\N
459	2007	2007	\N	\N	\N	26	\N	\N	\N
460	2007	2007	194	\N	\N	\N	\N	\N	\N
461	1986	1991	\N	\N	95	\N	\N	\N	\N
462	1986	1991	195	\N	\N	\N	\N	\N	\N
463	\N	\N	\N	\N	\N	\N	\N	61	\N
464	1986	1988	\N	66	\N	\N	\N	\N	\N
465	1986	1988	196	\N	\N	\N	\N	\N	\N
466	2004	2016	\N	67	\N	\N	\N	\N	\N
467	2004	2016	197	\N	\N	\N	\N	\N	\N
468	1994	1997	\N	\N	96	\N	\N	\N	\N
469	1994	1997	198	\N	\N	\N	\N	\N	\N
470	2002	2006	\N	\N	97	\N	\N	\N	\N
471	2002	2006	199	\N	\N	\N	\N	\N	\N
472	\N	\N	\N	\N	\N	\N	\N	62	\N
473	1987	1988	\N	\N	\N	27	\N	\N	\N
474	1987	1988	200	\N	\N	\N	\N	\N	\N
475	2010	2014	\N	\N	98	\N	\N	\N	\N
476	2010	2014	201	\N	\N	\N	\N	\N	\N
477	\N	\N	202	\N	\N	\N	\N	\N	\N
478	\N	2011	\N	\N	99	\N	\N	\N	\N
479	\N	2011	203	\N	\N	\N	\N	\N	\N
480	2014	2014	\N	68	\N	\N	\N	\N	\N
481	2014	2014	204	\N	\N	\N	\N	\N	\N
482	\N	\N	\N	\N	\N	\N	\N	63	\N
483	1986	\N	\N	69	\N	\N	\N	\N	\N
484	1986	\N	205	\N	\N	\N	\N	\N	\N
485	\N	1993	\N	\N	100	\N	\N	\N	\N
486	\N	1993	206	\N	\N	\N	\N	\N	\N
487	\N	\N	\N	\N	\N	\N	\N	64	\N
488	2003	2016	\N	70	\N	\N	\N	\N	\N
489	2003	2016	207	\N	\N	\N	\N	\N	\N
490	\N	\N	\N	\N	\N	\N	\N	65	\N
491	2016	\N	\N	71	\N	\N	\N	\N	\N
493	\N	\N	\N	\N	\N	\N	\N	66	\N
494	\N	\N	\N	\N	\N	\N	\N	67	\N
495	1995	\N	\N	72	\N	\N	\N	\N	\N
334	2013	2016	139	\N	\N	\N	\N	\N	\N
336	2015	2016	140	\N	\N	\N	\N	\N	\N
357	1988	2016	149	\N	\N	\N	\N	\N	\N
497	\N	\N	\N	\N	\N	\N	\N	68	\N
498	\N	\N	\N	\N	\N	28	\N	\N	\N
500	\N	\N	\N	73	\N	\N	\N	\N	\N
501	\N	\N	210	\N	\N	\N	\N	\N	\N
502	2013	2013	\N	\N	101	\N	\N	\N	\N
503	2013	2013	211	\N	\N	\N	\N	\N	\N
504	\N	\N	212	\N	\N	\N	\N	\N	\N
505	\N	\N	\N	\N	\N	\N	\N	69	\N
506	\N	\N	\N	74	\N	\N	\N	\N	\N
508	1991	1995	\N	\N	102	\N	\N	\N	\N
509	1991	1995	213	\N	\N	\N	\N	\N	\N
510	2011	2015	\N	\N	103	\N	\N	\N	\N
512	\N	\N	\N	\N	\N	\N	\N	70	\N
513	2015	2016	\N	75	\N	\N	\N	\N	\N
514	2015	2016	214	\N	\N	\N	\N	\N	\N
515	\N	\N	\N	\N	\N	\N	\N	71	\N
516	1986	1988	\N	76	\N	\N	\N	\N	\N
517	1986	1988	215	\N	\N	\N	\N	\N	\N
518	2014	2016	\N	77	\N	\N	\N	\N	\N
519	2014	2016	216	\N	\N	\N	\N	\N	\N
520	\N	\N	\N	\N	\N	\N	\N	72	\N
521	\N	2011	\N	\N	\N	29	\N	\N	\N
522	\N	2011	217	\N	\N	\N	\N	\N	\N
523	2015	\N	\N	\N	104	\N	\N	\N	\N
525	2007	\N	\N	\N	105	\N	\N	\N	\N
526	2007	\N	219	\N	\N	\N	\N	\N	\N
527	2002	2006	\N	\N	106	\N	\N	\N	\N
528	2002	2006	220	\N	\N	\N	\N	\N	\N
529	1988	1991	\N	\N	107	\N	\N	\N	\N
530	1988	1991	221	\N	\N	\N	\N	\N	\N
531	1986	\N	\N	\N	108	\N	\N	\N	\N
532	1986	\N	222	\N	\N	\N	\N	\N	\N
533	\N	\N	\N	\N	\N	\N	\N	73	\N
534	2004	\N	\N	78	\N	\N	\N	\N	\N
536	\N	\N	\N	\N	109	\N	\N	\N	\N
537	\N	\N	224	\N	\N	\N	\N	\N	\N
538	\N	\N	\N	\N	\N	\N	\N	74	\N
539	\N	\N	\N	\N	\N	30	\N	\N	\N
540	\N	\N	225	\N	\N	\N	\N	\N	\N
541	\N	\N	\N	\N	\N	\N	\N	75	\N
542	2011	2012	\N	79	\N	\N	\N	\N	\N
543	2011	2012	226	\N	\N	\N	\N	\N	\N
544	2013	\N	\N	\N	110	\N	\N	\N	\N
545	2013	\N	227	\N	\N	\N	\N	\N	\N
546	1986	1988	\N	\N	\N	\N	10	\N	\N
547	1986	1988	228	\N	\N	\N	\N	\N	\N
548	\N	\N	\N	\N	\N	\N	\N	76	\N
549	1986	\N	\N	80	\N	\N	\N	\N	\N
550	1986	\N	229	\N	\N	\N	\N	\N	\N
551	\N	2011	\N	\N	111	\N	\N	\N	\N
552	\N	2011	230	\N	\N	\N	\N	\N	\N
553	2006	2006	\N	82	\N	\N	\N	\N	\N
554	2006	2006	231	\N	\N	\N	\N	\N	\N
555	2006	2006	\N	83	\N	\N	\N	\N	\N
556	2006	2006	232	\N	\N	\N	\N	\N	\N
557	1986	\N	\N	\N	112	\N	\N	\N	\N
558	1986	\N	233	\N	\N	\N	\N	\N	\N
559	2016	2016	\N	84	\N	\N	\N	\N	\N
560	2016	2016	234	\N	\N	\N	\N	\N	\N
561	2003	2009	\N	\N	113	\N	\N	\N	\N
562	2003	2009	235	\N	\N	\N	\N	\N	\N
563	2008	2009	\N	\N	\N	\N	\N	77	\N
564	\N	\N	\N	\N	\N	\N	\N	78	\N
565	2008	2010	\N	85	\N	\N	\N	\N	\N
566	2008	2010	236	\N	\N	\N	\N	\N	\N
567	\N	\N	\N	\N	\N	\N	\N	79	\N
568	2011	2016	\N	\N	\N	31	\N	\N	\N
569	2011	2016	237	\N	\N	\N	\N	\N	\N
570	\N	\N	238	\N	\N	\N	\N	\N	\N
571	\N	\N	\N	\N	\N	\N	\N	80	\N
572	1991	\N	\N	86	\N	\N	\N	\N	\N
574	1993	1996	\N	\N	114	\N	\N	\N	\N
575	1993	1996	240	\N	\N	\N	\N	\N	\N
576	\N	\N	\N	\N	\N	\N	\N	81	\N
577	\N	\N	\N	\N	\N	\N	\N	82	\N
578	1986	\N	\N	87	\N	\N	\N	\N	\N
580	2009	2012	\N	\N	115	\N	\N	\N	\N
581	2009	2012	242	\N	\N	\N	\N	\N	\N
582	2011	2011	\N	88	\N	\N	\N	\N	\N
583	2011	2011	243	\N	\N	\N	\N	\N	\N
584	2016	\N	\N	89	\N	\N	\N	\N	\N
586	2015	\N	\N	\N	116	\N	\N	\N	\N
588	2016	\N	\N	\N	117	\N	\N	\N	\N
590	\N	\N	\N	\N	\N	\N	\N	83	\N
591	2008	\N	\N	90	\N	\N	\N	\N	\N
593	2013	\N	\N	\N	118	\N	\N	\N	\N
595	2000	2004	\N	\N	119	\N	\N	\N	\N
596	2000	2004	249	\N	\N	\N	\N	\N	\N
597	2005	\N	\N	\N	120	\N	\N	\N	\N
599	\N	\N	\N	\N	\N	\N	11	\N	\N
600	\N	\N	251	\N	\N	\N	\N	\N	\N
601	2007	2012	\N	\N	121	\N	\N	\N	\N
602	2007	2012	252	\N	\N	\N	\N	\N	\N
603	2005	2005	\N	\N	122	\N	\N	\N	\N
604	2005	2005	253	\N	\N	\N	\N	\N	\N
605	2005	2007	\N	91	\N	\N	\N	\N	\N
606	2005	2007	254	\N	\N	\N	\N	\N	\N
607	\N	\N	\N	\N	\N	\N	\N	84	\N
608	1986	\N	\N	92	\N	\N	\N	\N	\N
609	1986	\N	255	\N	\N	\N	\N	\N	\N
610	\N	\N	256	\N	\N	\N	\N	\N	\N
611	\N	\N	\N	93	\N	\N	\N	\N	\N
612	\N	\N	257	\N	\N	\N	\N	\N	\N
613	\N	\N	\N	94	\N	\N	\N	\N	\N
615	\N	2004	\N	\N	123	\N	\N	\N	\N
616	\N	2004	259	\N	\N	\N	\N	\N	\N
617	\N	\N	\N	\N	\N	\N	\N	85	\N
618	2006	2006	\N	\N	\N	32	\N	\N	\N
619	2006	2006	260	\N	\N	\N	\N	\N	\N
620	\N	\N	\N	\N	\N	\N	\N	86	\N
621	\N	\N	\N	\N	\N	33	\N	\N	\N
622	\N	\N	261	\N	\N	\N	\N	\N	\N
623	2016	2016	\N	96	\N	\N	\N	\N	\N
624	2016	2016	262	\N	\N	\N	\N	\N	\N
625	1998	2002	\N	\N	124	\N	\N	\N	\N
626	1998	2002	263	\N	\N	\N	\N	\N	\N
627	1996	2000	\N	\N	125	\N	\N	\N	\N
628	1996	2000	264	\N	\N	\N	\N	\N	\N
629	\N	\N	\N	\N	126	\N	\N	\N	\N
630	\N	\N	265	\N	\N	\N	\N	\N	\N
631	\N	\N	\N	\N	\N	\N	\N	87	\N
632	2004	2005	\N	\N	\N	34	\N	\N	\N
634	\N	\N	\N	\N	\N	\N	\N	88	\N
635	2006	2007	\N	97	\N	\N	\N	\N	\N
636	2006	2007	266	\N	\N	\N	\N	\N	\N
637	2004	2004	\N	\N	\N	\N	12	\N	\N
638	2004	2004	267	\N	\N	\N	\N	\N	\N
639	1986	\N	\N	\N	127	\N	\N	\N	\N
640	1986	\N	268	\N	\N	\N	\N	\N	\N
641	2015	2015	\N	98	\N	\N	\N	\N	\N
642	2015	2015	269	\N	\N	\N	\N	\N	\N
643	\N	\N	\N	\N	\N	\N	\N	89	\N
644	2006	2006	\N	\N	\N	35	\N	\N	\N
645	2006	2006	270	\N	\N	\N	\N	\N	\N
646	2007	2010	\N	\N	128	\N	\N	\N	\N
647	2007	2010	271	\N	\N	\N	\N	\N	\N
648	2006	2006	272	\N	\N	\N	\N	\N	\N
649	2004	2004	\N	\N	\N	\N	13	\N	\N
650	2004	2004	273	\N	\N	\N	\N	\N	\N
651	2004	2005	\N	\N	129	\N	\N	\N	\N
652	2004	2005	274	\N	\N	\N	\N	\N	\N
653	2010	2013	\N	\N	\N	\N	14	\N	\N
654	2010	2013	275	\N	\N	\N	\N	\N	\N
655	2013	\N	\N	\N	130	\N	\N	\N	\N
656	2013	\N	276	\N	\N	\N	\N	\N	\N
657	2007	2010	\N	\N	131	\N	\N	\N	\N
658	2007	2010	277	\N	\N	\N	\N	\N	\N
496	1995	2016	209	\N	\N	\N	\N	\N	\N
524	2015	2016	218	\N	\N	\N	\N	\N	\N
535	2004	2016	223	\N	\N	\N	\N	\N	\N
573	1991	2016	239	\N	\N	\N	\N	\N	\N
659	2013	\N	\N	\N	132	\N	\N	\N	\N
660	2013	\N	278	\N	\N	\N	\N	\N	\N
661	2004	2006	\N	99	\N	\N	\N	\N	\N
662	2004	2006	279	\N	\N	\N	\N	\N	\N
663	2006	2010	\N	\N	133	\N	\N	\N	\N
664	2006	2010	280	\N	\N	\N	\N	\N	\N
665	\N	\N	\N	\N	134	\N	\N	\N	\N
666	\N	\N	281	\N	\N	\N	\N	\N	\N
667	\N	\N	\N	\N	135	\N	\N	\N	\N
668	\N	\N	282	\N	\N	\N	\N	\N	\N
669	1986	\N	\N	\N	136	\N	\N	\N	\N
670	1986	\N	283	\N	\N	\N	\N	\N	\N
671	1986	\N	\N	\N	137	\N	\N	\N	\N
672	1986	\N	284	\N	\N	\N	\N	\N	\N
673	\N	\N	285	\N	\N	\N	\N	\N	\N
674	2013	2013	\N	100	\N	\N	\N	\N	\N
675	2013	2013	286	\N	\N	\N	\N	\N	\N
676	2013	2013	\N	101	\N	\N	\N	\N	\N
677	2013	2013	287	\N	\N	\N	\N	\N	\N
678	2013	\N	\N	\N	138	\N	\N	\N	\N
680	1987	2011	289	\N	\N	\N	\N	\N	\N
681	\N	1992	290	\N	\N	\N	\N	\N	\N
682	\N	\N	\N	\N	\N	\N	\N	90	\N
683	\N	\N	\N	\N	\N	36	\N	\N	\N
684	\N	\N	291	\N	\N	\N	\N	\N	\N
685	\N	\N	\N	\N	\N	\N	\N	91	\N
686	2006	\N	\N	102	\N	\N	\N	\N	\N
688	2015	\N	\N	\N	139	\N	\N	\N	\N
692	\N	\N	\N	\N	\N	\N	\N	92	\N
693	1986	\N	\N	103	\N	\N	\N	\N	\N
695	\N	\N	\N	\N	141	\N	\N	\N	\N
696	\N	\N	295	\N	\N	\N	\N	\N	\N
697	2000	2004	\N	\N	142	\N	\N	\N	\N
699	\N	\N	\N	\N	\N	\N	\N	93	\N
700	\N	\N	\N	\N	\N	\N	\N	94	\N
701	2006	2009	\N	104	\N	\N	\N	\N	\N
702	2010	2012	\N	104	\N	\N	\N	\N	\N
703	2013	2016	\N	104	\N	\N	\N	\N	\N
704	2006	2009	296	\N	\N	\N	\N	\N	\N
705	2010	2012	296	\N	\N	\N	\N	\N	\N
706	2013	2016	296	\N	\N	\N	\N	\N	\N
707	\N	\N	\N	\N	143	\N	\N	\N	\N
708	\N	\N	297	\N	\N	\N	\N	\N	\N
709	\N	\N	298	\N	\N	\N	\N	\N	\N
710	\N	\N	\N	\N	144	\N	\N	\N	\N
712	\N	\N	\N	\N	\N	\N	\N	95	\N
713	1998	\N	\N	105	\N	\N	\N	\N	\N
715	2014	\N	\N	\N	145	\N	\N	\N	\N
717	\N	\N	\N	\N	\N	\N	\N	96	\N
718	\N	2011	\N	\N	\N	37	\N	\N	\N
719	\N	2011	301	\N	\N	\N	\N	\N	\N
720	1986	\N	\N	\N	146	\N	\N	\N	\N
721	1986	\N	302	\N	\N	\N	\N	\N	\N
722	1991	1997	\N	\N	147	\N	\N	\N	\N
724	\N	\N	\N	\N	\N	\N	\N	97	\N
725	2011	2014	\N	\N	\N	38	\N	\N	\N
726	2011	2014	303	\N	\N	\N	\N	\N	\N
727	2005	2006	\N	106	\N	\N	\N	\N	\N
728	2005	2006	304	\N	\N	\N	\N	\N	\N
729	2006	2011	\N	\N	148	\N	\N	\N	\N
730	2006	2011	305	\N	\N	\N	\N	\N	\N
731	2003	2007	\N	\N	149	\N	\N	\N	\N
732	2003	2007	306	\N	\N	\N	\N	\N	\N
735	1996	2000	\N	\N	151	\N	\N	\N	\N
736	1996	2000	308	\N	\N	\N	\N	\N	\N
737	2004	2014	\N	107	\N	\N	\N	\N	\N
738	2004	2014	309	\N	\N	\N	\N	\N	\N
739	\N	\N	\N	\N	\N	\N	\N	98	\N
740	1986	\N	\N	108	\N	\N	\N	\N	\N
741	1986	\N	310	\N	\N	\N	\N	\N	\N
742	\N	\N	\N	\N	\N	\N	15	\N	\N
743	\N	\N	311	\N	\N	\N	\N	\N	\N
744	\N	\N	\N	\N	152	\N	\N	\N	\N
745	\N	\N	312	\N	\N	\N	\N	\N	\N
746	1988	\N	\N	\N	153	\N	\N	\N	\N
747	1988	\N	313	\N	\N	\N	\N	\N	\N
748	\N	2004	\N	\N	\N	\N	16	\N	\N
749	\N	2004	314	\N	\N	\N	\N	\N	\N
750	2006	\N	\N	109	\N	\N	\N	\N	\N
751	2006	\N	315	\N	\N	\N	\N	\N	\N
752	\N	\N	\N	\N	\N	\N	\N	99	\N
753	2014	2014	\N	110	\N	\N	\N	\N	\N
754	2014	2014	316	\N	\N	\N	\N	\N	\N
755	2003	2006	\N	\N	154	\N	\N	\N	\N
756	2003	2006	317	\N	\N	\N	\N	\N	\N
757	2006	2010	\N	\N	155	\N	\N	\N	\N
758	2006	2010	318	\N	\N	\N	\N	\N	\N
759	2014	\N	\N	111	\N	\N	\N	\N	\N
761	\N	\N	\N	\N	\N	\N	\N	100	\N
762	2013	2016	\N	\N	\N	39	\N	\N	\N
763	2013	2016	320	\N	\N	\N	\N	\N	\N
764	\N	\N	\N	\N	\N	\N	\N	101	\N
765	1991	1991	\N	\N	\N	40	\N	\N	\N
766	1991	1991	321	\N	\N	\N	\N	\N	\N
767	\N	\N	\N	\N	\N	\N	\N	102	\N
768	2006	2006	\N	\N	\N	41	\N	\N	\N
769	2006	2006	322	\N	\N	\N	\N	\N	\N
770	1986	\N	\N	\N	\N	\N	17	\N	\N
771	1986	\N	323	\N	\N	\N	\N	\N	\N
772	\N	\N	324	\N	\N	\N	\N	\N	\N
773	2005	\N	\N	\N	156	\N	\N	\N	\N
774	2005	\N	325	\N	\N	\N	\N	\N	\N
775	2015	2015	\N	112	\N	\N	\N	\N	\N
776	2015	2015	326	\N	\N	\N	\N	\N	\N
777	\N	\N	\N	\N	\N	\N	\N	103	\N
778	2008	\N	\N	113	\N	\N	\N	\N	\N
780	2011	2016	\N	114	\N	\N	\N	\N	\N
781	2011	2016	328	\N	\N	\N	\N	\N	\N
782	1998	2001	\N	\N	157	\N	\N	\N	\N
783	1998	2001	329	\N	\N	\N	\N	\N	\N
784	\N	\N	\N	\N	158	\N	\N	\N	\N
786	\N	\N	\N	\N	\N	\N	\N	104	\N
787	2013	2016	\N	\N	\N	42	\N	\N	\N
788	2013	2016	330	\N	\N	\N	\N	\N	\N
789	\N	\N	\N	\N	\N	\N	\N	105	\N
790	1986	\N	\N	115	\N	\N	\N	\N	\N
791	1986	\N	331	\N	\N	\N	\N	\N	\N
792	2004	2007	\N	116	\N	\N	\N	\N	\N
793	2004	2007	332	\N	\N	\N	\N	\N	\N
794	2006	2007	\N	117	\N	\N	\N	\N	\N
795	2006	2007	333	\N	\N	\N	\N	\N	\N
796	2011	2011	\N	118	\N	\N	\N	\N	\N
797	2011	2011	334	\N	\N	\N	\N	\N	\N
798	\N	\N	\N	\N	\N	\N	\N	106	\N
799	1986	\N	\N	119	\N	\N	\N	\N	\N
800	1986	\N	335	\N	\N	\N	\N	\N	\N
801	1988	1992	\N	\N	159	\N	\N	\N	\N
803	\N	\N	\N	\N	\N	\N	\N	107	\N
804	\N	2016	\N	120	\N	\N	\N	\N	\N
805	\N	2016	336	\N	\N	\N	\N	\N	\N
806	2015	\N	\N	\N	160	\N	\N	\N	\N
808	\N	\N	\N	\N	\N	\N	\N	108	\N
809	2012	2016	\N	121	\N	\N	\N	\N	\N
810	2012	2016	338	\N	\N	\N	\N	\N	\N
811	1988	\N	\N	\N	161	\N	\N	\N	\N
812	1988	\N	339	\N	\N	\N	\N	\N	\N
813	\N	\N	\N	\N	162	\N	\N	\N	\N
814	\N	\N	340	\N	\N	\N	\N	\N	\N
815	\N	\N	\N	\N	163	\N	\N	\N	\N
816	\N	\N	341	\N	\N	\N	\N	\N	\N
817	2009	2013	\N	\N	164	\N	\N	\N	\N
818	2009	2013	342	\N	\N	\N	\N	\N	\N
819	\N	\N	\N	\N	\N	\N	\N	109	\N
820	1990	1991	\N	\N	\N	43	\N	\N	\N
821	1990	1991	343	\N	\N	\N	\N	\N	\N
822	\N	\N	344	\N	\N	\N	\N	\N	\N
679	2013	2016	288	\N	\N	\N	\N	\N	\N
687	2006	2016	292	\N	\N	\N	\N	\N	\N
689	2015	2016	293	\N	\N	\N	\N	\N	\N
714	1998	2016	299	\N	\N	\N	\N	\N	\N
716	2014	2016	300	\N	\N	\N	\N	\N	\N
823	2016	\N	\N	\N	165	\N	\N	\N	\N
825	\N	\N	\N	\N	\N	\N	\N	110	\N
826	1986	\N	\N	122	\N	\N	\N	\N	\N
827	1986	\N	346	\N	\N	\N	\N	\N	\N
828	2007	2011	\N	\N	166	\N	\N	\N	\N
829	2007	2011	347	\N	\N	\N	\N	\N	\N
830	\N	\N	348	\N	\N	\N	\N	\N	\N
831	\N	\N	\N	\N	\N	\N	\N	111	\N
832	1986	\N	\N	123	\N	\N	\N	\N	\N
833	1986	\N	349	\N	\N	\N	\N	\N	\N
834	\N	\N	350	\N	\N	\N	\N	\N	\N
835	2004	2007	\N	\N	\N	\N	18	\N	\N
836	2004	2007	351	\N	\N	\N	\N	\N	\N
837	1986	1988	\N	\N	167	\N	\N	\N	\N
839	\N	\N	\N	\N	\N	\N	\N	112	\N
840	1988	1991	\N	124	\N	\N	\N	\N	\N
841	1988	1991	352	\N	\N	\N	\N	\N	\N
842	\N	\N	\N	\N	\N	\N	\N	113	\N
843	\N	2011	\N	\N	\N	44	\N	\N	\N
845	1986	\N	\N	\N	168	\N	\N	\N	\N
846	1986	\N	353	\N	\N	\N	\N	\N	\N
847	\N	\N	354	\N	\N	\N	\N	\N	\N
848	2004	2016	\N	\N	\N	\N	19	\N	\N
849	2004	2016	355	\N	\N	\N	\N	\N	\N
850	\N	\N	\N	\N	169	\N	\N	\N	\N
851	\N	\N	356	\N	\N	\N	\N	\N	\N
852	2011	2011	\N	125	\N	\N	\N	\N	\N
853	2011	2011	357	\N	\N	\N	\N	\N	\N
854	\N	\N	\N	\N	170	\N	\N	\N	\N
855	\N	\N	358	\N	\N	\N	\N	\N	\N
856	\N	\N	\N	\N	\N	\N	\N	114	\N
857	2013	\N	\N	126	\N	\N	\N	\N	\N
859	2007	2011	\N	\N	\N	\N	20	\N	\N
860	2007	2011	360	\N	\N	\N	\N	\N	\N
861	\N	\N	\N	\N	\N	\N	\N	115	\N
862	1991	1992	\N	\N	\N	45	\N	\N	\N
863	1991	1992	361	\N	\N	\N	\N	\N	\N
864	2008	2009	\N	\N	\N	\N	21	\N	\N
865	2008	2009	362	\N	\N	\N	\N	\N	\N
866	2011	2011	\N	\N	171	\N	\N	\N	\N
867	2011	2011	363	\N	\N	\N	\N	\N	\N
868	\N	\N	\N	127	\N	\N	\N	\N	\N
870	2011	2015	\N	\N	172	\N	\N	\N	\N
871	2011	2015	365	\N	\N	\N	\N	\N	\N
872	2013	2016	\N	\N	173	\N	\N	\N	\N
873	2013	2016	366	\N	\N	\N	\N	\N	\N
874	2015	\N	\N	\N	174	\N	\N	\N	\N
876	2016	\N	\N	\N	175	\N	\N	\N	\N
878	2015	2015	\N	128	\N	\N	\N	\N	\N
879	2015	2015	369	\N	\N	\N	\N	\N	\N
880	2007	2010	\N	\N	176	\N	\N	\N	\N
881	2007	2010	370	\N	\N	\N	\N	\N	\N
882	2001	2006	\N	\N	177	\N	\N	\N	\N
883	2001	2006	371	\N	\N	\N	\N	\N	\N
884	\N	\N	372	\N	\N	\N	\N	\N	\N
885	\N	2006	\N	129	\N	\N	\N	\N	\N
886	\N	2006	373	\N	\N	\N	\N	\N	\N
887	2006	2006	\N	\N	178	\N	\N	\N	\N
888	2006	2006	374	\N	\N	\N	\N	\N	\N
889	\N	\N	\N	\N	\N	\N	\N	116	\N
890	2011	2013	\N	\N	\N	46	\N	\N	\N
891	2011	2013	375	\N	\N	\N	\N	\N	\N
892	\N	\N	\N	\N	179	\N	\N	\N	\N
893	\N	\N	376	\N	\N	\N	\N	\N	\N
894	1986	\N	\N	\N	180	\N	\N	\N	\N
895	1986	\N	377	\N	\N	\N	\N	\N	\N
896	2015	\N	\N	130	\N	\N	\N	\N	\N
898	\N	\N	\N	\N	\N	\N	\N	117	\N
899	1986	\N	\N	\N	\N	47	\N	\N	\N
900	1986	\N	379	\N	\N	\N	\N	\N	\N
901	\N	\N	\N	\N	\N	\N	\N	118	\N
902	1986	\N	\N	131	\N	\N	\N	\N	\N
903	1986	\N	380	\N	\N	\N	\N	\N	\N
904	2013	\N	\N	\N	181	\N	\N	\N	\N
905	2013	\N	381	\N	\N	\N	\N	\N	\N
906	2007	2011	\N	\N	182	\N	\N	\N	\N
908	\N	\N	\N	\N	\N	\N	\N	119	\N
909	2011	2014	\N	132	\N	\N	\N	\N	\N
910	2011	2014	382	\N	\N	\N	\N	\N	\N
911	2003	2007	\N	\N	183	\N	\N	\N	\N
912	2003	2007	383	\N	\N	\N	\N	\N	\N
913	2016	\N	\N	\N	184	\N	\N	\N	\N
915	\N	\N	\N	\N	185	\N	\N	\N	\N
916	\N	\N	385	\N	\N	\N	\N	\N	\N
917	2007	2010	\N	\N	186	\N	\N	\N	\N
918	2007	2010	386	\N	\N	\N	\N	\N	\N
919	\N	\N	\N	\N	187	\N	\N	\N	\N
920	\N	\N	387	\N	\N	\N	\N	\N	\N
921	2011	2013	\N	133	\N	\N	\N	\N	\N
922	2011	2013	388	\N	\N	\N	\N	\N	\N
923	2011	2013	\N	\N	\N	\N	\N	120	\N
924	\N	\N	\N	\N	\N	\N	\N	121	\N
925	2013	\N	\N	134	\N	\N	\N	\N	\N
927	2013	2013	\N	135	\N	\N	\N	\N	\N
928	2013	2013	390	\N	\N	\N	\N	\N	\N
929	2015	\N	\N	\N	188	\N	\N	\N	\N
931	2005	2010	\N	\N	189	\N	\N	\N	\N
932	2005	2010	392	\N	\N	\N	\N	\N	\N
933	1991	\N	393	\N	\N	\N	\N	\N	\N
934	1992	\N	\N	136	\N	\N	\N	\N	\N
935	1992	\N	394	\N	\N	\N	\N	\N	\N
936	2016	\N	\N	\N	190	\N	\N	\N	\N
938	\N	\N	\N	\N	\N	\N	\N	122	\N
939	2015	2016	\N	\N	\N	48	\N	\N	\N
940	2015	2016	396	\N	\N	\N	\N	\N	\N
941	\N	\N	\N	\N	\N	\N	\N	123	\N
942	1986	\N	\N	137	\N	\N	\N	\N	\N
944	2008	\N	\N	\N	\N	\N	22	\N	\N
945	2008	\N	398	\N	\N	\N	\N	\N	\N
946	1987	1994	\N	\N	191	\N	\N	\N	\N
948	\N	\N	\N	\N	\N	\N	\N	124	\N
949	1999	2013	\N	138	\N	\N	\N	\N	\N
951	\N	\N	\N	\N	\N	\N	\N	125	\N
952	2013	2016	\N	\N	\N	49	\N	\N	\N
953	2013	2016	399	\N	\N	\N	\N	\N	\N
954	2010	2015	\N	\N	192	\N	\N	\N	\N
955	2010	2015	400	\N	\N	\N	\N	\N	\N
956	2004	2014	\N	139	\N	\N	\N	\N	\N
957	2004	2014	401	\N	\N	\N	\N	\N	\N
958	1986	1988	\N	\N	193	\N	\N	\N	\N
959	1986	1988	402	\N	\N	\N	\N	\N	\N
960	2006	\N	\N	\N	194	\N	\N	\N	\N
961	2006	\N	403	\N	\N	\N	\N	\N	\N
962	2004	2005	\N	140	\N	\N	\N	\N	\N
963	2004	2005	404	\N	\N	\N	\N	\N	\N
964	1986	\N	\N	\N	195	\N	\N	\N	\N
965	1986	\N	405	\N	\N	\N	\N	\N	\N
966	2005	2012	\N	141	\N	\N	\N	\N	\N
967	2005	2012	406	\N	\N	\N	\N	\N	\N
968	2012	\N	\N	142	\N	\N	\N	\N	\N
970	\N	\N	408	\N	\N	\N	\N	\N	\N
971	\N	\N	\N	\N	\N	\N	\N	126	\N
972	1986	\N	\N	143	\N	\N	\N	\N	\N
973	1986	\N	409	\N	\N	\N	\N	\N	\N
974	2011	2011	\N	144	\N	\N	\N	\N	\N
975	2011	2011	410	\N	\N	\N	\N	\N	\N
976	2014	2014	\N	145	\N	\N	\N	\N	\N
977	2014	2014	411	\N	\N	\N	\N	\N	\N
978	\N	\N	\N	\N	\N	\N	\N	127	\N
979	2013	2013	\N	146	\N	\N	\N	\N	\N
980	2013	2013	412	\N	\N	\N	\N	\N	\N
981	\N	\N	413	\N	\N	\N	\N	\N	\N
982	\N	\N	\N	\N	\N	\N	\N	128	\N
983	2013	2016	\N	147	\N	\N	\N	\N	\N
984	2013	2016	414	\N	\N	\N	\N	\N	\N
824	2016	2016	345	\N	\N	\N	\N	\N	\N
858	2013	2016	359	\N	\N	\N	\N	\N	\N
869	\N	2016	364	\N	\N	\N	\N	\N	\N
875	2015	2016	367	\N	\N	\N	\N	\N	\N
877	2016	2016	368	\N	\N	\N	\N	\N	\N
985	2009	2013	\N	\N	196	\N	\N	\N	\N
986	2009	2013	415	\N	\N	\N	\N	\N	\N
987	\N	\N	\N	148	\N	\N	\N	\N	\N
989	\N	\N	\N	\N	\N	\N	\N	129	\N
990	\N	\N	\N	\N	\N	50	\N	\N	\N
991	\N	\N	416	\N	\N	\N	\N	\N	\N
992	2016	2016	\N	149	\N	\N	\N	\N	\N
993	2016	2016	417	\N	\N	\N	\N	\N	\N
994	\N	\N	\N	\N	\N	\N	\N	130	\N
995	2015	2015	\N	150	\N	\N	\N	\N	\N
996	2015	2015	418	\N	\N	\N	\N	\N	\N
997	2011	2014	\N	\N	\N	51	\N	\N	\N
998	2011	2014	419	\N	\N	\N	\N	\N	\N
999	2001	2006	\N	\N	197	\N	\N	\N	\N
1000	2001	2006	420	\N	\N	\N	\N	\N	\N
1001	1986	1988	\N	\N	198	\N	\N	\N	\N
1002	1986	1988	421	\N	\N	\N	\N	\N	\N
1003	\N	\N	\N	\N	\N	\N	\N	131	\N
1004	2004	2016	\N	\N	\N	52	\N	\N	\N
1005	2004	2016	422	\N	\N	\N	\N	\N	\N
1006	1993	1997	\N	\N	199	\N	\N	\N	\N
1007	1993	1997	423	\N	\N	\N	\N	\N	\N
1008	\N	\N	\N	\N	\N	\N	\N	132	\N
1009	1986	\N	\N	151	\N	\N	\N	\N	\N
1010	1986	\N	424	\N	\N	\N	\N	\N	\N
1011	1992	1998	\N	\N	200	\N	\N	\N	\N
1012	1992	1998	425	\N	\N	\N	\N	\N	\N
1013	\N	\N	\N	\N	\N	\N	\N	133	\N
1014	\N	\N	\N	\N	\N	53	\N	\N	\N
1015	\N	\N	426	\N	\N	\N	\N	\N	\N
1016	2016	\N	\N	152	\N	\N	\N	\N	\N
1018	2010	2012	\N	\N	\N	\N	23	\N	\N
1019	2010	2012	428	\N	\N	\N	\N	\N	\N
1020	\N	1992	\N	\N	201	\N	\N	\N	\N
1021	\N	1992	429	\N	\N	\N	\N	\N	\N
1022	\N	\N	\N	\N	\N	\N	\N	134	\N
1023	2013	2016	\N	\N	\N	54	\N	\N	\N
1024	2013	2016	430	\N	\N	\N	\N	\N	\N
1025	\N	\N	\N	\N	\N	\N	\N	135	\N
1026	\N	\N	\N	\N	\N	\N	\N	136	\N
1027	\N	\N	\N	\N	\N	\N	\N	137	\N
1028	1986	\N	\N	153	\N	\N	\N	\N	\N
1030	\N	\N	\N	\N	\N	\N	\N	138	\N
1031	2008	2015	\N	154	\N	\N	\N	\N	\N
1032	2008	2015	432	\N	\N	\N	\N	\N	\N
1033	2013	\N	\N	155	\N	\N	\N	\N	\N
1035	\N	\N	434	\N	\N	\N	\N	\N	\N
1036	2015	2015	\N	\N	202	\N	\N	\N	\N
1037	2015	2015	435	\N	\N	\N	\N	\N	\N
1038	2006	2006	\N	\N	\N	\N	24	\N	\N
1039	2006	2006	436	\N	\N	\N	\N	\N	\N
1040	2000	2005	\N	\N	203	\N	\N	\N	\N
1042	\N	\N	\N	156	\N	\N	\N	\N	\N
1043	\N	\N	437	\N	\N	\N	\N	\N	\N
1044	\N	\N	\N	\N	204	\N	\N	\N	\N
1045	\N	\N	438	\N	\N	\N	\N	\N	\N
1046	\N	\N	\N	\N	\N	\N	\N	139	\N
1047	2006	2006	\N	\N	\N	55	\N	\N	\N
1048	2006	2006	439	\N	\N	\N	\N	\N	\N
1049	2015	2015	\N	157	\N	\N	\N	\N	\N
1050	2015	2015	440	\N	\N	\N	\N	\N	\N
1051	\N	\N	\N	\N	205	\N	\N	\N	\N
1052	\N	\N	441	\N	\N	\N	\N	\N	\N
1053	2015	2016	\N	158	\N	\N	\N	\N	\N
1054	2015	2016	442	\N	\N	\N	\N	\N	\N
1055	2004	2005	\N	159	\N	\N	\N	\N	\N
1056	2004	2005	443	\N	\N	\N	\N	\N	\N
1057	\N	\N	\N	\N	\N	\N	\N	140	\N
1058	2004	2004	\N	\N	\N	56	\N	\N	\N
1059	2004	2004	444	\N	\N	\N	\N	\N	\N
1060	\N	\N	\N	\N	\N	\N	\N	141	\N
1061	1991	1992	\N	\N	\N	57	\N	\N	\N
1062	1991	1992	445	\N	\N	\N	\N	\N	\N
1063	2013	2016	\N	160	\N	\N	\N	\N	\N
1064	2013	2016	446	\N	\N	\N	\N	\N	\N
1065	\N	\N	447	\N	\N	\N	\N	\N	\N
1066	\N	2008	\N	\N	206	\N	\N	\N	\N
1067	\N	2008	448	\N	\N	\N	\N	\N	\N
1068	2006	\N	\N	\N	207	\N	\N	\N	\N
1069	2006	\N	449	\N	\N	\N	\N	\N	\N
1070	1990	1995	\N	\N	208	\N	\N	\N	\N
1071	1990	1995	450	\N	\N	\N	\N	\N	\N
1072	\N	\N	451	\N	\N	\N	\N	\N	\N
1073	2015	2016	\N	161	\N	\N	\N	\N	\N
1074	2015	2016	452	\N	\N	\N	\N	\N	\N
1075	2001	2006	\N	\N	209	\N	\N	\N	\N
1076	2001	2006	453	\N	\N	\N	\N	\N	\N
1077	\N	\N	\N	\N	210	\N	\N	\N	\N
1079	\N	\N	\N	\N	\N	\N	\N	142	\N
1080	2006	2014	\N	162	\N	\N	\N	\N	\N
1081	2006	2014	454	\N	\N	\N	\N	\N	\N
1082	1986	\N	\N	\N	211	\N	\N	\N	\N
1083	1986	\N	455	\N	\N	\N	\N	\N	\N
1084	2007	2008	\N	\N	\N	\N	25	\N	\N
1085	2007	2008	456	\N	\N	\N	\N	\N	\N
1086	\N	\N	\N	\N	\N	\N	\N	143	\N
1087	1989	\N	\N	163	\N	\N	\N	\N	\N
1088	1989	\N	457	\N	\N	\N	\N	\N	\N
1089	2006	\N	\N	\N	212	\N	\N	\N	\N
1090	2006	\N	458	\N	\N	\N	\N	\N	\N
1093	\N	\N	460	\N	\N	\N	\N	\N	\N
1094	\N	2005	\N	\N	214	\N	\N	\N	\N
1095	\N	2005	461	\N	\N	\N	\N	\N	\N
1096	1991	\N	\N	\N	215	\N	\N	\N	\N
1097	1991	\N	462	\N	\N	\N	\N	\N	\N
1098	2006	2011	\N	\N	216	\N	\N	\N	\N
1099	2006	2011	463	\N	\N	\N	\N	\N	\N
1100	\N	\N	\N	\N	\N	\N	\N	144	\N
1101	1986	\N	\N	164	\N	\N	\N	\N	\N
1102	1986	\N	464	\N	\N	\N	\N	\N	\N
1103	\N	\N	\N	\N	\N	\N	\N	145	\N
1104	1998	\N	\N	165	\N	\N	\N	\N	\N
1106	2015	\N	\N	166	\N	\N	\N	\N	\N
1108	\N	\N	467	\N	\N	\N	\N	\N	\N
1109	\N	\N	\N	\N	\N	\N	\N	146	\N
1110	\N	2016	\N	\N	\N	58	\N	\N	\N
1111	\N	2016	468	\N	\N	\N	\N	\N	\N
1112	\N	\N	\N	\N	\N	\N	\N	147	\N
1113	1987	\N	\N	167	\N	\N	\N	\N	\N
1114	1987	\N	469	\N	\N	\N	\N	\N	\N
1115	\N	\N	470	\N	\N	\N	\N	\N	\N
1116	2007	\N	\N	\N	217	\N	\N	\N	\N
1117	2007	\N	471	\N	\N	\N	\N	\N	\N
1118	\N	\N	\N	\N	\N	\N	\N	148	\N
1119	\N	\N	\N	168	\N	\N	\N	\N	\N
1121	2010	2014	\N	\N	218	\N	\N	\N	\N
1123	2012	2016	\N	169	\N	\N	\N	\N	\N
1124	2012	2016	473	\N	\N	\N	\N	\N	\N
1125	\N	\N	\N	\N	\N	\N	\N	149	\N
1126	\N	\N	\N	\N	\N	\N	\N	150	\N
1127	1986	\N	\N	170	\N	\N	\N	\N	\N
1129	1986	\N	\N	\N	219	\N	\N	\N	\N
1130	1986	\N	475	\N	\N	\N	\N	\N	\N
1131	2016	\N	\N	\N	220	\N	\N	\N	\N
1133	\N	\N	\N	\N	221	\N	\N	\N	\N
1134	\N	\N	477	\N	\N	\N	\N	\N	\N
1135	1991	\N	\N	\N	222	\N	\N	\N	\N
1136	1991	\N	478	\N	\N	\N	\N	\N	\N
1137	2016	2016	\N	171	\N	\N	\N	\N	\N
1138	2016	2016	479	\N	\N	\N	\N	\N	\N
1141	2004	2004	\N	172	\N	\N	\N	\N	\N
1142	2004	2004	481	\N	\N	\N	\N	\N	\N
1143	\N	\N	\N	\N	224	\N	\N	\N	\N
1144	\N	\N	482	\N	\N	\N	\N	\N	\N
1145	2009	2012	\N	\N	\N	\N	26	\N	\N
1146	2009	2012	483	\N	\N	\N	\N	\N	\N
1147	2000	2004	\N	\N	225	\N	\N	\N	\N
1148	2000	2004	484	\N	\N	\N	\N	\N	\N
1017	2016	2016	427	\N	\N	\N	\N	\N	\N
1029	1986	2016	431	\N	\N	\N	\N	\N	\N
1034	2013	2016	433	\N	\N	\N	\N	\N	\N
1149	2010	2012	\N	\N	\N	\N	\N	151	\N
1150	2010	2011	\N	173	\N	\N	\N	\N	\N
1151	2010	2011	485	\N	\N	\N	\N	\N	\N
1152	\N	\N	\N	\N	\N	\N	\N	152	\N
1153	\N	\N	\N	174	\N	\N	\N	\N	\N
1154	\N	\N	486	\N	\N	\N	\N	\N	\N
1155	\N	\N	\N	\N	\N	\N	\N	153	\N
1156	1988	\N	\N	175	\N	\N	\N	\N	\N
1157	1988	\N	487	\N	\N	\N	\N	\N	\N
1158	\N	\N	\N	\N	\N	\N	\N	154	\N
1159	1986	\N	\N	176	\N	\N	\N	\N	\N
1160	1986	\N	488	\N	\N	\N	\N	\N	\N
1161	\N	\N	489	\N	\N	\N	\N	\N	\N
1162	\N	\N	490	\N	\N	\N	\N	\N	\N
1163	1992	1993	491	\N	\N	\N	\N	\N	\N
1164	2001	2006	\N	\N	226	\N	\N	\N	\N
1165	2001	2006	492	\N	\N	\N	\N	\N	\N
1166	\N	\N	\N	177	\N	\N	\N	\N	\N
1168	\N	\N	\N	178	\N	\N	\N	\N	\N
1169	\N	\N	494	\N	\N	\N	\N	\N	\N
1170	\N	\N	\N	\N	227	\N	\N	\N	\N
1171	\N	\N	495	\N	\N	\N	\N	\N	\N
1172	2011	2013	\N	\N	228	\N	\N	\N	\N
1173	2011	2013	496	\N	\N	\N	\N	\N	\N
1174	1997	1998	\N	179	\N	\N	\N	\N	\N
1175	1997	1998	497	\N	\N	\N	\N	\N	\N
1176	2015	\N	\N	\N	229	\N	\N	\N	\N
1179	1986	1988	\N	\N	230	\N	\N	\N	\N
1181	\N	\N	\N	\N	\N	\N	\N	155	\N
1182	1988	\N	\N	180	\N	\N	\N	\N	\N
1183	1988	\N	499	\N	\N	\N	\N	\N	\N
1184	1986	\N	\N	\N	231	\N	\N	\N	\N
1185	1986	\N	500	\N	\N	\N	\N	\N	\N
1186	2005	2005	\N	181	\N	\N	\N	\N	\N
1187	2005	2005	501	\N	\N	\N	\N	\N	\N
1190	1996	2001	\N	\N	233	\N	\N	\N	\N
1191	1996	2001	503	\N	\N	\N	\N	\N	\N
1192	2006	2010	\N	\N	234	\N	\N	\N	\N
1193	2006	2010	504	\N	\N	\N	\N	\N	\N
1194	\N	\N	\N	\N	\N	\N	\N	156	\N
1195	\N	\N	\N	182	\N	\N	\N	\N	\N
1196	\N	\N	505	\N	\N	\N	\N	\N	\N
1197	\N	\N	\N	\N	235	\N	\N	\N	\N
1198	\N	\N	506	\N	\N	\N	\N	\N	\N
1199	\N	\N	\N	\N	\N	\N	\N	157	\N
1200	\N	\N	\N	183	\N	\N	\N	\N	\N
1201	\N	\N	507	\N	\N	\N	\N	\N	\N
1202	2016	2016	\N	184	\N	\N	\N	\N	\N
1203	2016	2016	508	\N	\N	\N	\N	\N	\N
1204	2006	2011	\N	\N	236	\N	\N	\N	\N
1205	2006	2011	509	\N	\N	\N	\N	\N	\N
1206	\N	\N	510	\N	\N	\N	\N	\N	\N
1207	\N	\N	\N	\N	\N	\N	\N	158	\N
1208	2003	2016	\N	185	\N	\N	\N	\N	\N
1209	2003	2016	511	\N	\N	\N	\N	\N	\N
1210	2010	2014	\N	\N	237	\N	\N	\N	\N
1211	2010	2014	512	\N	\N	\N	\N	\N	\N
1212	2007	2007	\N	186	\N	\N	\N	\N	\N
1213	2007	2007	513	\N	\N	\N	\N	\N	\N
1214	\N	\N	\N	\N	\N	\N	\N	159	\N
1215	\N	\N	\N	187	\N	\N	\N	\N	\N
1217	\N	\N	\N	188	\N	\N	\N	\N	\N
1219	\N	\N	\N	\N	238	\N	\N	\N	\N
1221	\N	\N	\N	\N	\N	\N	\N	160	\N
1222	1986	\N	\N	189	\N	\N	\N	\N	\N
1223	1986	\N	516	\N	\N	\N	\N	\N	\N
1224	2015	\N	\N	190	\N	\N	\N	\N	\N
1226	\N	\N	518	\N	\N	\N	\N	\N	\N
1227	\N	\N	\N	\N	239	\N	\N	\N	\N
1228	\N	\N	519	\N	\N	\N	\N	\N	\N
1229	2013	\N	\N	\N	240	\N	\N	\N	\N
1230	2013	\N	520	\N	\N	\N	\N	\N	\N
1231	1988	\N	\N	\N	241	\N	\N	\N	\N
1232	1988	\N	521	\N	\N	\N	\N	\N	\N
1233	2009	2013	\N	\N	242	\N	\N	\N	\N
1234	2009	2013	522	\N	\N	\N	\N	\N	\N
1235	2016	2016	\N	191	\N	\N	\N	\N	\N
1236	2016	2016	523	\N	\N	\N	\N	\N	\N
1237	2011	2011	\N	\N	243	\N	\N	\N	\N
1238	2011	2011	524	\N	\N	\N	\N	\N	\N
1239	\N	\N	\N	\N	\N	\N	\N	161	\N
1240	2013	2016	\N	192	\N	\N	\N	\N	\N
1241	2013	2016	525	\N	\N	\N	\N	\N	\N
1242	2009	2013	\N	\N	244	\N	\N	\N	\N
1243	2009	2013	526	\N	\N	\N	\N	\N	\N
1244	2011	2011	\N	193	\N	\N	\N	\N	\N
1245	2011	2011	527	\N	\N	\N	\N	\N	\N
1246	2006	2010	\N	\N	245	\N	\N	\N	\N
1247	2006	2010	528	\N	\N	\N	\N	\N	\N
1248	2014	\N	\N	\N	246	\N	\N	\N	\N
1250	\N	\N	\N	\N	247	\N	\N	\N	\N
1251	\N	\N	530	\N	\N	\N	\N	\N	\N
1252	2010	2015	\N	\N	248	\N	\N	\N	\N
1253	2010	2015	531	\N	\N	\N	\N	\N	\N
1254	2005	2008	\N	\N	249	\N	\N	\N	\N
1255	2005	2008	532	\N	\N	\N	\N	\N	\N
1256	2003	\N	\N	\N	250	\N	\N	\N	\N
1257	2003	\N	533	\N	\N	\N	\N	\N	\N
1258	2010	2012	\N	\N	251	\N	\N	\N	\N
1259	2010	2012	534	\N	\N	\N	\N	\N	\N
1260	2015	\N	\N	\N	252	\N	\N	\N	\N
1262	\N	\N	\N	\N	253	\N	\N	\N	\N
1263	\N	\N	536	\N	\N	\N	\N	\N	\N
1264	2004	2010	\N	\N	254	\N	\N	\N	\N
1265	2004	2010	537	\N	\N	\N	\N	\N	\N
1266	2016	\N	\N	\N	255	\N	\N	\N	\N
1268	2012	2016	\N	\N	256	\N	\N	\N	\N
1269	2012	2016	539	\N	\N	\N	\N	\N	\N
1270	2006	\N	\N	\N	257	\N	\N	\N	\N
1271	2006	\N	540	\N	\N	\N	\N	\N	\N
1272	2011	2011	\N	194	\N	\N	\N	\N	\N
1273	2011	2011	541	\N	\N	\N	\N	\N	\N
1274	1986	\N	\N	\N	258	\N	\N	\N	\N
1275	1986	\N	542	\N	\N	\N	\N	\N	\N
1276	\N	\N	543	\N	\N	\N	\N	\N	\N
1277	2009	2013	\N	\N	259	\N	\N	\N	\N
1278	2009	2013	544	\N	\N	\N	\N	\N	\N
1279	2015	\N	\N	\N	260	\N	\N	\N	\N
1281	2015	\N	\N	\N	261	\N	\N	\N	\N
1288	1999	2003	\N	\N	\N	\N	\N	\N	6
1289	2000	2002	\N	\N	\N	\N	\N	\N	7
1290	2001	2004	\N	\N	\N	\N	\N	\N	8
1291	2002	2003	\N	\N	\N	\N	\N	\N	9
1292	2009	2012	\N	\N	\N	\N	\N	\N	10
1293	2005	2009	\N	\N	\N	\N	\N	\N	11
1294	2013	2018	\N	\N	\N	\N	\N	\N	12
1295	1993	1997	\N	\N	\N	\N	\N	\N	13
1296	1993	1996	\N	\N	\N	\N	\N	\N	14
1297	1997	2000	\N	\N	\N	\N	\N	\N	15
1298	2000	2002	\N	\N	\N	\N	\N	\N	16
1299	1998	2002	\N	\N	\N	\N	\N	\N	17
1300	2000	2006	\N	\N	\N	\N	\N	\N	18
1301	2013	2016	\N	\N	\N	\N	\N	\N	19
1302	1989	1992	\N	\N	\N	\N	\N	\N	20
1303	1991	1992	\N	\N	\N	\N	\N	\N	21
1304	1991	1995	\N	\N	\N	\N	\N	\N	22
1305	1995	1999	\N	\N	\N	\N	\N	\N	23
1306	1998	1999	\N	\N	\N	\N	\N	\N	24
1307	2001	2004	\N	\N	\N	\N	\N	\N	25
1308	2002	2007	\N	\N	\N	\N	\N	\N	26
1309	2000	2004	\N	\N	\N	\N	\N	\N	27
1310	2000	2001	\N	\N	\N	\N	\N	\N	28
1311	2001	2002	\N	\N	\N	\N	\N	\N	29
1167	\N	2016	493	\N	\N	\N	\N	\N	\N
1177	2015	2016	498	\N	\N	\N	\N	\N	\N
1216	\N	2016	514	\N	\N	\N	\N	\N	\N
1312	2006	2011	\N	\N	\N	\N	\N	\N	30
1313	1999	2002	\N	\N	\N	\N	\N	\N	31
1314	2004	2008	\N	\N	\N	\N	\N	\N	32
1315	2008	2011	\N	\N	\N	\N	\N	\N	33
1316	1989	1992	\N	\N	\N	\N	\N	\N	34
1317	1992	1993	\N	\N	\N	\N	\N	\N	35
1318	1993	1993	\N	\N	\N	\N	\N	\N	36
1319	1993	1996	\N	\N	\N	\N	\N	\N	37
1320	1993	1997	\N	\N	\N	\N	\N	\N	38
1321	1993	1996	\N	\N	\N	\N	\N	\N	39
1322	1997	2000	\N	\N	\N	\N	\N	\N	40
1323	2000	2002	\N	\N	\N	\N	\N	\N	41
1324	2006	2011	\N	\N	\N	\N	\N	\N	42
1325	1993	1996	\N	\N	\N	\N	\N	\N	43
1326	1996	1999	\N	\N	\N	\N	\N	\N	44
1327	1998	1998	\N	\N	\N	\N	\N	\N	45
1328	2014	2016	\N	\N	\N	\N	\N	\N	46
1329	1999	2000	\N	\N	\N	\N	\N	\N	47
1330	2000	2001	\N	\N	\N	\N	\N	\N	48
1331	2005	2009	\N	\N	\N	\N	\N	\N	49
1332	1988	1990	\N	\N	\N	\N	\N	\N	50
1333	1990	1990	\N	\N	\N	\N	\N	\N	51
1334	1990	1990	\N	\N	\N	\N	\N	\N	52
1335	1990	1991	\N	\N	\N	\N	\N	\N	53
1336	1990	1995	\N	\N	\N	\N	\N	\N	54
1337	1991	1992	\N	\N	\N	\N	\N	\N	55
1338	1995	1998	\N	\N	\N	\N	\N	\N	56
1339	1999	2003	\N	\N	\N	\N	\N	\N	57
1340	2003	2004	\N	\N	\N	\N	\N	\N	58
1341	2004	2008	\N	\N	\N	\N	\N	\N	59
1342	2004	2005	\N	\N	\N	\N	\N	\N	60
1343	2006	2008	\N	\N	\N	\N	\N	\N	61
1344	2007	2007	\N	\N	\N	\N	\N	\N	62
1345	2010	2010	\N	\N	\N	\N	\N	\N	63
1346	2008	2008	\N	\N	\N	\N	\N	\N	64
1347	1987	1989	\N	\N	\N	\N	\N	\N	65
1348	2000	2003	\N	\N	\N	\N	\N	\N	66
1349	2015	2019	\N	\N	\N	\N	\N	\N	67
1350	2007	2010	\N	\N	\N	\N	\N	\N	68
1351	2016	2019	\N	\N	\N	\N	\N	\N	69
1352	2009	2013	\N	\N	\N	\N	\N	\N	70
1353	2012	2016	\N	\N	\N	\N	\N	\N	71
1354	2016	2021	\N	\N	\N	\N	\N	\N	72
1355	2005	2008	\N	\N	\N	\N	\N	\N	73
1356	2016	2018	\N	\N	\N	\N	\N	\N	74
1357	2000	2004	\N	\N	\N	\N	\N	\N	75
1358	2010	2015	\N	\N	\N	\N	\N	\N	76
1359	1989	1992	\N	\N	\N	\N	\N	\N	77
1360	1996	1998	\N	\N	\N	\N	\N	\N	78
1361	1997	2001	\N	\N	\N	\N	\N	\N	79
1362	2005	2010	\N	\N	\N	\N	\N	\N	80
1363	2006	2009	\N	\N	\N	\N	\N	\N	81
1364	2007	2011	\N	\N	\N	\N	\N	\N	82
1365	1996	1999	\N	\N	\N	\N	\N	\N	83
1366	2001	2004	\N	\N	\N	\N	\N	\N	84
1367	2002	2005	\N	\N	\N	\N	\N	\N	85
1368	2002	2004	\N	\N	\N	\N	\N	\N	86
1369	2004	2006	\N	\N	\N	\N	\N	\N	87
1370	2005	2007	\N	\N	\N	\N	\N	\N	88
1371	2005	2008	\N	\N	\N	\N	\N	\N	89
1372	2005	2010	\N	\N	\N	\N	\N	\N	90
1373	2007	2008	\N	\N	\N	\N	\N	\N	91
1374	2014	2015	\N	\N	\N	\N	\N	\N	92
1375	2015	2019	\N	\N	\N	\N	\N	\N	93
1376	2006	2011	\N	\N	\N	\N	\N	\N	94
1377	2008	2011	\N	\N	\N	\N	\N	\N	95
1378	2008	2014	\N	\N	\N	\N	\N	\N	96
1379	1990	1991	\N	\N	\N	\N	\N	\N	97
1380	2012	2013	\N	\N	\N	\N	\N	\N	98
1381	1989	1992	\N	\N	\N	\N	\N	\N	99
1382	1990	1992	\N	\N	\N	\N	\N	\N	100
1383	1994	1997	\N	\N	\N	\N	\N	\N	101
1384	1998	2000	\N	\N	\N	\N	\N	\N	102
1385	2000	2000	\N	\N	\N	\N	\N	\N	103
1386	2001	2004	\N	\N	\N	\N	\N	\N	104
1387	2008	2013	\N	\N	\N	\N	\N	\N	105
1388	2015	2020	\N	\N	\N	\N	\N	\N	106
1389	2004	2007	\N	\N	\N	\N	\N	\N	107
1390	2006	2009	\N	\N	\N	\N	\N	\N	108
1391	1989	1992	\N	\N	\N	\N	\N	\N	109
1392	2003	2006	\N	\N	\N	\N	\N	\N	110
1393	2014	2015	\N	\N	\N	\N	\N	\N	111
1394	2006	2011	\N	\N	\N	\N	\N	\N	112
1395	2003	2005	\N	\N	\N	\N	\N	\N	113
1396	2004	2007	\N	\N	\N	\N	\N	\N	114
1397	2003	2006	\N	\N	\N	\N	\N	\N	115
1398	2004	2008	\N	\N	\N	\N	\N	\N	116
1399	2005	2005	\N	\N	\N	\N	\N	\N	117
1400	2008	2012	\N	\N	\N	\N	\N	\N	118
1401	1986	1990	\N	\N	\N	\N	\N	\N	119
1402	1987	1990	\N	\N	\N	\N	\N	\N	120
1403	1987	1990	\N	\N	\N	\N	\N	\N	121
1404	1988	1990	\N	\N	\N	\N	\N	\N	122
1405	1991	1995	\N	\N	\N	\N	\N	\N	123
1406	1995	1998	\N	\N	\N	\N	\N	\N	124
1407	2005	2008	\N	\N	\N	\N	\N	\N	125
1408	2007	2010	\N	\N	\N	\N	\N	\N	126
1409	2009	2010	\N	\N	\N	\N	\N	\N	127
1410	2004	2004	\N	\N	\N	\N	\N	\N	128
1411	1990	1991	\N	\N	\N	\N	\N	\N	129
1412	1993	1994	\N	\N	\N	\N	\N	\N	130
1413	1994	1996	\N	\N	\N	\N	\N	\N	131
1414	1996	1996	\N	\N	\N	\N	\N	\N	132
1415	1996	1998	\N	\N	\N	\N	\N	\N	133
1416	1998	2003	\N	\N	\N	\N	\N	\N	134
1417	1999	2000	\N	\N	\N	\N	\N	\N	135
1418	1997	1999	\N	\N	\N	\N	\N	\N	136
1419	2001	2002	\N	\N	\N	\N	\N	\N	137
1420	2002	2003	\N	\N	\N	\N	\N	\N	138
1421	2002	2007	\N	\N	\N	\N	\N	\N	139
1422	2003	2006	\N	\N	\N	\N	\N	\N	140
1423	2003	2006	\N	\N	\N	\N	\N	\N	141
1424	2003	2006	\N	\N	\N	\N	\N	\N	142
1425	2004	2006	\N	\N	\N	\N	\N	\N	143
1426	2004	2007	\N	\N	\N	\N	\N	\N	144
1427	2007	2011	\N	\N	\N	\N	\N	\N	145
1428	2007	2011	\N	\N	\N	\N	\N	\N	146
1429	2008	2011	\N	\N	\N	\N	\N	\N	147
1430	2010	2011	\N	\N	\N	\N	\N	\N	148
1431	2010	2014	\N	\N	\N	\N	\N	\N	149
1432	2012	2013	\N	\N	\N	\N	\N	\N	150
1433	1986	1989	\N	\N	\N	\N	\N	\N	151
1434	1999	2003	\N	\N	\N	\N	\N	\N	152
1435	1990	1991	\N	\N	\N	\N	\N	\N	153
1436	1993	1993	\N	\N	\N	\N	\N	\N	154
1437	1992	1994	\N	\N	\N	\N	\N	\N	155
1438	1990	1991	\N	\N	\N	\N	\N	\N	156
1439	1993	1996	\N	\N	\N	\N	\N	\N	157
1442	2004	2009	\N	\N	\N	\N	\N	\N	160
1443	2014	2016	\N	\N	\N	\N	\N	\N	161
1446	2006	2010	\N	\N	\N	\N	\N	\N	164
1447	2012	2015	\N	\N	\N	\N	\N	\N	165
1448	2016	2019	\N	\N	\N	\N	\N	\N	166
1449	2000	2007	\N	\N	\N	\N	\N	\N	167
1450	2013	2016	\N	\N	\N	\N	\N	\N	168
1451	2001	2008	\N	\N	\N	\N	\N	\N	169
1452	2004	2008	\N	\N	\N	\N	\N	\N	170
1453	2006	2008	\N	\N	\N	\N	\N	\N	171
1454	2015	2016	\N	\N	\N	\N	\N	\N	172
1455	2016	2018	\N	\N	\N	\N	\N	\N	173
1456	2007	2010	\N	\N	\N	\N	\N	\N	174
1457	2000	2001	\N	\N	\N	\N	\N	\N	175
1458	2002	2002	\N	\N	\N	\N	\N	\N	176
1459	2003	2005	\N	\N	\N	\N	\N	\N	177
1460	2005	2009	\N	\N	\N	\N	\N	\N	178
1461	2005	2009	\N	\N	\N	\N	\N	\N	179
1462	2005	2009	\N	\N	\N	\N	\N	\N	180
1463	2010	2013	\N	\N	\N	\N	\N	\N	181
1464	2013	2019	\N	\N	\N	\N	\N	\N	182
1465	1995	1998	\N	\N	\N	\N	\N	\N	183
1466	1998	2000	\N	\N	\N	\N	\N	\N	184
1467	2002	2003	\N	\N	\N	\N	\N	\N	185
1468	2002	2004	\N	\N	\N	\N	\N	\N	186
1469	2014	2016	\N	\N	\N	\N	\N	\N	187
1470	1997	1999	\N	\N	\N	\N	\N	\N	188
1471	2006	2009	\N	\N	\N	\N	\N	\N	189
1472	2009	2011	\N	\N	\N	\N	\N	\N	190
1473	2012	2014	\N	\N	\N	\N	\N	\N	191
1474	2015	2018	\N	\N	\N	\N	\N	\N	192
1475	2006	2009	\N	\N	\N	\N	\N	\N	193
1476	2009	2012	\N	\N	\N	\N	\N	\N	194
1477	2015	2016	\N	\N	\N	\N	\N	\N	195
1478	2008	2009	\N	\N	\N	\N	\N	\N	196
1479	2014	2019	\N	\N	\N	\N	\N	\N	197
1480	2015	2020	\N	\N	\N	\N	\N	\N	198
1481	1994	1998	\N	\N	\N	\N	\N	\N	199
1482	2014	2017	\N	\N	\N	\N	\N	\N	200
1483	2006	2009	\N	\N	\N	\N	\N	\N	201
1484	2010	2012	\N	\N	\N	\N	\N	\N	202
1485	2012	2016	\N	\N	\N	\N	\N	\N	203
1486	2014	2018	\N	\N	\N	\N	\N	\N	204
1487	2013	2017	\N	\N	\N	\N	\N	\N	205
1488	2005	2010	\N	\N	\N	\N	\N	\N	206
1489	2005	2010	\N	\N	\N	\N	\N	\N	207
1490	2007	2008	\N	\N	\N	\N	\N	\N	208
1491	2010	2010	\N	\N	\N	\N	\N	\N	209
1492	2012	2016	\N	\N	\N	\N	\N	\N	210
1493	2013	2013	\N	\N	\N	\N	\N	\N	211
1494	2012	2017	\N	\N	\N	\N	\N	\N	212
1495	2013	2018	\N	\N	\N	\N	\N	\N	213
1496	2014	2019	\N	\N	\N	\N	\N	\N	214
1497	2016	2019	\N	\N	\N	\N	\N	\N	215
1498	2011	2013	\N	\N	\N	\N	\N	\N	216
1499	2015	2016	\N	\N	\N	\N	\N	\N	217
1500	2014	2018	\N	\N	\N	\N	\N	\N	218
1501	2013	2015	\N	\N	\N	\N	\N	\N	219
1502	2015	2017	\N	\N	\N	\N	\N	\N	220
1503	2000	2004	\N	\N	\N	\N	\N	\N	221
1504	2014	2017	\N	\N	\N	\N	\N	\N	222
1505	2010	2015	\N	\N	\N	\N	\N	\N	223
1506	2008	2016	\N	\N	\N	\N	\N	\N	224
1507	2002	2007	\N	\N	\N	\N	\N	\N	225
1508	2013	2018	\N	\N	\N	\N	\N	\N	226
1509	2008	2008	\N	\N	\N	\N	\N	\N	227
1510	2004	2012	\N	\N	\N	\N	\N	\N	228
1511	2013	2015	\N	\N	\N	\N	\N	\N	229
1512	2013	2016	\N	\N	\N	\N	\N	\N	230
1513	2015	2018	\N	\N	\N	\N	\N	\N	231
1514	2014	2016	\N	\N	\N	\N	\N	\N	232
1515	2015	2020	\N	\N	\N	\N	\N	\N	233
1516	2015	2019	\N	\N	\N	\N	\N	\N	234
1517	2016	2021	\N	\N	\N	\N	\N	\N	235
1518	2002	2006	\N	\N	\N	\N	\N	\N	236
34	1986	2016	14	\N	\N	\N	\N	\N	\N
43	\N	2016	19	\N	\N	\N	\N	\N	\N
52	2014	2016	21	\N	\N	\N	\N	\N	\N
82	2015	2016	35	\N	\N	\N	\N	\N	\N
105	2016	2016	46	\N	\N	\N	\N	\N	\N
121	1987	2016	53	\N	\N	\N	\N	\N	\N
142	2004	2016	63	\N	\N	\N	\N	\N	\N
202	2005	2016	85	\N	\N	\N	\N	\N	\N
213	2015	2016	90	\N	\N	\N	\N	\N	\N
217	2016	2016	92	\N	\N	\N	\N	\N	\N
247	\N	2016	103	\N	\N	\N	\N	\N	\N
258	2011	2016	108	\N	\N	\N	\N	\N	\N
320	2004	2016	132	\N	\N	\N	\N	\N	\N
328	2004	2016	136	\N	\N	\N	\N	\N	\N
359	2014	2016	150	\N	\N	\N	\N	\N	\N
361	2016	2016	151	\N	\N	\N	\N	\N	\N
363	2013	2016	152	\N	\N	\N	\N	\N	\N
373	2015	2016	156	\N	\N	\N	\N	\N	\N
391	2012	2016	163	\N	\N	\N	\N	\N	\N
399	2015	2016	167	\N	\N	\N	\N	\N	\N
401	2016	2016	168	\N	\N	\N	\N	\N	\N
405	\N	2016	169	\N	\N	\N	\N	\N	\N
409	2016	2016	171	\N	\N	\N	\N	\N	\N
420	2012	2016	176	\N	\N	\N	\N	\N	\N
433	2015	2016	183	\N	\N	\N	\N	\N	\N
492	2016	2016	208	\N	\N	\N	\N	\N	\N
579	1986	2016	241	\N	\N	\N	\N	\N	\N
585	2016	2016	244	\N	\N	\N	\N	\N	\N
587	2015	2016	245	\N	\N	\N	\N	\N	\N
589	2016	2016	246	\N	\N	\N	\N	\N	\N
592	2008	2016	247	\N	\N	\N	\N	\N	\N
594	2013	2016	248	\N	\N	\N	\N	\N	\N
598	2005	2016	250	\N	\N	\N	\N	\N	\N
614	\N	2016	258	\N	\N	\N	\N	\N	\N
760	2014	2016	319	\N	\N	\N	\N	\N	\N
779	2008	2016	327	\N	\N	\N	\N	\N	\N
807	2015	2016	337	\N	\N	\N	\N	\N	\N
897	2015	2016	378	\N	\N	\N	\N	\N	\N
914	2016	2016	384	\N	\N	\N	\N	\N	\N
926	2013	2016	389	\N	\N	\N	\N	\N	\N
930	2015	2016	391	\N	\N	\N	\N	\N	\N
937	2016	2016	395	\N	\N	\N	\N	\N	\N
943	1986	2016	397	\N	\N	\N	\N	\N	\N
969	2012	2016	407	\N	\N	\N	\N	\N	\N
1105	1998	2016	465	\N	\N	\N	\N	\N	\N
1107	2015	2016	466	\N	\N	\N	\N	\N	\N
1120	\N	2016	472	\N	\N	\N	\N	\N	\N
1128	1986	2016	474	\N	\N	\N	\N	\N	\N
1132	2016	2016	476	\N	\N	\N	\N	\N	\N
1220	\N	2016	515	\N	\N	\N	\N	\N	\N
1225	2015	2016	517	\N	\N	\N	\N	\N	\N
1249	2014	2016	529	\N	\N	\N	\N	\N	\N
1261	2015	2016	535	\N	\N	\N	\N	\N	\N
1267	2016	2016	538	\N	\N	\N	\N	\N	\N
1280	2015	2016	545	\N	\N	\N	\N	\N	\N
1282	2015	2016	546	\N	\N	\N	\N	\N	\N
1540	2011	2016	294	\N	\N	\N	\N	\N	\N
1541	2011	2016	\N	\N	140	\N	\N	\N	\N
1542	2010	2016	307	\N	\N	\N	\N	\N	\N
1543	2010	2016	\N	\N	150	\N	\N	\N	\N
1544	2010	2016	502	\N	\N	\N	\N	\N	\N
1545	2010	2016	\N	\N	232	\N	\N	\N	\N
1546	2013	2016	480	\N	\N	\N	\N	\N	\N
1547	2013	2016	\N	\N	223	\N	\N	\N	\N
1548	2011	2016	78	\N	\N	\N	\N	\N	\N
1549	2011	2016	\N	\N	40	\N	\N	\N	\N
1550	2011	2016	459	\N	\N	\N	\N	\N	\N
1551	2011	2016	\N	\N	213	\N	\N	\N	\N
1552	1991	2016	20	\N	\N	\N	\N	\N	\N
1553	\N	\N	\N	\N	\N	\N	\N	203	\N
1554	\N	\N	\N	\N	\N	\N	\N	204	\N
1555	\N	\N	\N	\N	\N	\N	\N	205	\N
1556	2000	2002	\N	\N	\N	\N	\N	\N	246
1557	2008	2009	\N	\N	\N	\N	\N	\N	247
1558	2009	2010	\N	\N	\N	\N	\N	\N	248
1559	2013	2016	\N	\N	\N	\N	\N	\N	249
1560	2015	2018	\N	\N	\N	\N	\N	\N	250
1561	2004	2005	\N	\N	\N	\N	\N	\N	251
1562	2007	2014	\N	\N	\N	\N	\N	\N	252
1563	2013	2016	\N	\N	\N	\N	\N	\N	253
1564	2011	2015	\N	\N	\N	\N	\N	\N	254
1565	\N	2016	\N	7	\N	\N	\N	\N	\N
1566	1991	1997	\N	\N	12	\N	\N	\N	\N
\.


--
-- Name: dates_id_seq; Type: SEQUENCE SET; Schema: public; Owner: -
--

SELECT pg_catalog.setval('dates_id_seq', 1566, true);


--
-- Data for Name: grant_table; Type: TABLE DATA; Schema: public; Owner: -
--

COPY grant_table (staff, grants) FROM stdin;
4	109
3	109
3	23
3	142
189	109
185	118
7	139
7	49
7	11
7	145
7	148
4	142
170	6
168	8
8	114
8	116
165	49
163	129
163	155
163	131
163	133
163	134
163	139
163	140
163	145
165	11
178	27
153	50
153	11
141	10
137	151
137	119
137	120
137	121
137	102
137	45
4	23
124	54
120	19
102	118
102	63
187	59
168	62
72	110
72	98
60	101
55	64
55	98
60	110
78	134
78	139
78	145
60	49
52	42
60	82
60	98
50	118
50	71
48	115
31	19
33	39
24	65
24	44
22	39
22	31
22	63
72	91
19	23
23	11
23	125
23	127
23	126
23	128
19	22
188	213
7	179
7	178
7	180
153	179
153	178
153	180
137	213
111	195
72	208
60	205
50	195
24	139
24	145
23	168
23	195
31	168
153	246
153	248
165	249
153	249
63	249
100	250
78	254
24	254
\.


--
-- Data for Name: grants; Type: TABLE DATA; Schema: public; Owner: -
--

COPY grants (id, ref, org, title, value, url, staff_id) FROM stdin;
6	GR/M84763/01	EPSRC	DIMENSIONS OF CONCURRENCY	158149	http://gow.epsrc.ac.uk/NGBOViewGrant.aspx?GrantRef=GR/M84763/01	19
7	GR/A00690/01	EPSRC	AF: FIXPOINTS AND CAUSALITY	81587	http://gow.epsrc.ac.uk/NGBOViewGrant.aspx?GrantRef=GR/A00690/01	19
8	GR/R16891/01	EPSRC	Logic For Uml	209086	http://gow.epsrc.ac.uk/NGBOViewGrant.aspx?GrantRef=GR/R16891/01	19
9	GR/R93339/01	EPSRC	Computer Science Logic 2002	6816	http://gow.epsrc.ac.uk/NGBOViewGrant.aspx?GrantRef=GR/R93339/01	19
10	EP/G012962/1	EPSRC	Solving Parity Games and Mu-Calculi	279162	http://gow.epsrc.ac.uk/NGBOViewGrant.aspx?GrantRef=EP/G012962/1	19
11	EP/D046769/1	EPSRC	Links: Linking Theory to Practice for the Web	306154	http://gow.epsrc.ac.uk/NGBOViewGrant.aspx?GrantRef=EP/D046769/1	187
12	EP/K034413/1	EPSRC	From Data Types to Session Types---A Basis for Concurrency and Distribution	3956088	http://gow.epsrc.ac.uk/NGBOViewGrant.aspx?GrantRef=EP/K034413/1	187
13	GR/H88879/01	EPSRC	T.C. PROGRAMME BETWEEN THE UNIVERSITY OF EDINGBURGH AND ADELARD	139956	http://gow.epsrc.ac.uk/NGBOViewGrant.aspx?GrantRef=GR/H88879/01	4
14	GR/J58619/01	EPSRC	COMMUNICATION IN SAFTEY CASES - A SEMANTIC APPROACH	604834	http://gow.epsrc.ac.uk/NGBOViewGrant.aspx?GrantRef=GR/J58619/01	4
15	GR/L37953/01	EPSRC	UNDERSTANDING SOFTWARE ARCHITECTURE	174728	http://gow.epsrc.ac.uk/NGBOViewGrant.aspx?GrantRef=GR/L37953/01	4
16	GR/N12480/01	EPSRC	DOMAIN-SPECIFIC REPRESENTATION AND REASONING	186839	http://gow.epsrc.ac.uk/NGBOViewGrant.aspx?GrantRef=GR/N12480/01	4
17	GR/M02491/01	EPSRC	SOFTWARE REENGINEERING PATTERNS	144439	http://gow.epsrc.ac.uk/NGBOViewGrant.aspx?GrantRef=GR/M02491/01	168
18	GR/A01756/01	EPSRC	SUPPORTING SOFTWARE DESIGN	230697	http://gow.epsrc.ac.uk/NGBOViewGrant.aspx?GrantRef=GR/A01756/01	168
19	EP/K020218/1	EPSRC	A Theory of Least Change for Bidirectional Transformations	395170	http://gow.epsrc.ac.uk/NGBOViewGrant.aspx?GrantRef=EP/K020218/1	168
20	GR/F32219/01	EPSRC	MODAL AND TEMPORAL MU-CALCULI	79913	http://gow.epsrc.ac.uk/NGBOViewGrant.aspx?GrantRef=GR/F32219/01	170
21	GR/G55464/01	EPSRC	DENOTATIONAL SEMANTICS AND CONCURRENCY	2280	http://gow.epsrc.ac.uk/NGBOViewGrant.aspx?GrantRef=GR/G55464/01	170
22	GR/H16056/01	EPSRC	VERIFICATION OF INFINITE STATE SYSTEMS-THEORY METHOD AND APPLICATIONS	94620	http://gow.epsrc.ac.uk/NGBOViewGrant.aspx?GrantRef=GR/H16056/01	170
23	GR/K68547/01	EPSRC	THE VALUE-PASSING CONCURRENCY WORKBENCH	187240	http://gow.epsrc.ac.uk/NGBOViewGrant.aspx?GrantRef=GR/K68547/01	170
24	GR/M25445/01	EPSRC	PROPERTIES OF INFINITE REGULAR GRAPHS	3500	http://gow.epsrc.ac.uk/NGBOViewGrant.aspx?GrantRef=GR/M25445/01	170
25	GR/R04430/01	EPSRC	Reasoning With Names and Identity In Programming Languages	63625	http://gow.epsrc.ac.uk/NGBOViewGrant.aspx?GrantRef=GR/R04430/01	165
26	GR/R76950/01	EPSRC	Mathematical Models for Concurrent and Mobile Computation	246763	http://gow.epsrc.ac.uk/NGBOViewGrant.aspx?GrantRef=GR/R76950/01	165
27	GR/N23141/01	EPSRC	MODEL CHECKING GROUP PROTOCOLS	240369	http://gow.epsrc.ac.uk/NGBOViewGrant.aspx?GrantRef=GR/N23141/01	170
28	GR/R03051/01	EPSRC	Applying Composition Theorems	20259	http://gow.epsrc.ac.uk/NGBOViewGrant.aspx?GrantRef=GR/R03051/01	170
29	GR/R42245/01	EPSRC	Infinite State Processes	2870	http://gow.epsrc.ac.uk/NGBOViewGrant.aspx?GrantRef=GR/R42245/01	170
30	EP/E001297/1	EPSRC	Interdisciplinary Design and Evaluation of Dependability (INDEED)	392988	http://gow.epsrc.ac.uk/NGBOViewGrant.aspx?GrantRef=EP/E001297/1	4
31	GR/M46624/01	EPSRC	MECHANISING FIRST - ORDER TEMPORAL LOGICS	52432	http://gow.epsrc.ac.uk/NGBOViewGrant.aspx?GrantRef=GR/M46624/01	163
32	EP/C514637/1	EPSRC	Pushdown Automata and Game Semantics	94424	http://gow.epsrc.ac.uk/NGBOViewGrant.aspx?GrantRef=EP/C514637/1	170
33	EP/F035594/1	EPSRC	A cognitive model of axiom formulation and reformulation with application to AI and software engineering	514047	http://gow.epsrc.ac.uk/NGBOViewGrant.aspx?GrantRef=EP/F035594/1	163
34	GR/E78463/01	EPSRC	COMPUTER ASSISTED FORMAL REASONING FORMAL DEVELOPMENT OF PROGRAMS FROM SPECIFICATIONS	89362	http://gow.epsrc.ac.uk/NGBOViewGrant.aspx?GrantRef=GR/E78463/01	153
35	GR/H76739/01	EPSRC	STRUCTURED SOFTWARE SYSTEMS, SPECIFICATIONS AND LOGICAL SYSTEMS	27752	http://gow.epsrc.ac.uk/NGBOViewGrant.aspx?GrantRef=GR/H76739/01	153
36	GR/J07693/01	EPSRC	FORMAL DEVELOPMENT OF MODULAR PROGRAMS FROM ALGEBRAIC SPECIFICATIONS: COMPUTING SUPPORT	7434	http://gow.epsrc.ac.uk/NGBOViewGrant.aspx?GrantRef=GR/J07693/01	153
37	GR/H73103/01	EPSRC	ALGEBRAIC AND LOGICAL FOUNDATIONS OF FORMAL SOFTWARE DEVELOPMENT	119023	http://gow.epsrc.ac.uk/NGBOViewGrant.aspx?GrantRef=GR/H73103/01	153
38	GR/H88879/01	EPSRC	T.C. PROGRAMME BETWEEN THE UNIVERSITY OF EDINGBURGH AND ADELARD	139956	http://gow.epsrc.ac.uk/NGBOViewGrant.aspx?GrantRef=GR/H88879/01	3
39	GR/J58619/01	EPSRC	COMMUNICATION IN SAFTEY CASES - A SEMANTIC APPROACH	604834	http://gow.epsrc.ac.uk/NGBOViewGrant.aspx?GrantRef=GR/J58619/01	3
40	GR/L37953/01	EPSRC	UNDERSTANDING SOFTWARE ARCHITECTURE	174728	http://gow.epsrc.ac.uk/NGBOViewGrant.aspx?GrantRef=GR/L37953/01	3
41	GR/N12480/01	EPSRC	DOMAIN-SPECIFIC REPRESENTATION AND REASONING	186839	http://gow.epsrc.ac.uk/NGBOViewGrant.aspx?GrantRef=GR/N12480/01	3
42	EP/E001297/1	EPSRC	Interdisciplinary Design and Evaluation of Dependability (INDEED)	392988	http://gow.epsrc.ac.uk/NGBOViewGrant.aspx?GrantRef=EP/E001297/1	3
43	GR/J07303/01	EPSRC	FORMAL DEVELOPMENT OF MODULAR PROGRAMS IN EXTENDED ML	146151	http://gow.epsrc.ac.uk/NGBOViewGrant.aspx?GrantRef=GR/J07303/01	153
44	GR/K63795/01	EPSRC	VERIFYING SPECIFIED PROGRAMMES	169127	http://gow.epsrc.ac.uk/NGBOViewGrant.aspx?GrantRef=GR/K63795/01	153
45	GR/M36694/01	EPSRC	DIALGEBRAIC LOGICS	3600	http://gow.epsrc.ac.uk/NGBOViewGrant.aspx?GrantRef=GR/M36694/01	153
46	EP/L024624/1	EPSRC	Verifying Changes: How Much Will it Cost?	94735	http://gow.epsrc.ac.uk/NGBOViewGrant.aspx?GrantRef=EP/L024624/1	142
47	GR/M89591/01	EPSRC	SHAPE-BASED COMPUTATION: THEORY AND PRACTICE	2150	http://gow.epsrc.ac.uk/NGBOViewGrant.aspx?GrantRef=GR/M89591/01	153
48	GR/N31672/01	EPSRC	PRE-LOGICAL RELATIONS IN FIXPOINT CALCULI	4500	http://gow.epsrc.ac.uk/NGBOViewGrant.aspx?GrantRef=GR/N31672/01	153
49	EP/C537068/1	EPSRC	ReQueST: Resource Quantification in e-Science Technologies	484976	http://gow.epsrc.ac.uk/NGBOViewGrant.aspx?GrantRef=EP/C537068/1	153
50	GR/E78487/01	EPSRC	COMPUTER ASSISTED FORMAL REASONING THE LOGICAL FRAMEWORK	282499	http://gow.epsrc.ac.uk/NGBOViewGrant.aspx?GrantRef=GR/E78487/01	137
51	GR/F65408/01	EPSRC	HYPERPROOF THEOREM PROVING AND SITUATION THEORY	2158	http://gow.epsrc.ac.uk/NGBOViewGrant.aspx?GrantRef=GR/F65408/01	137
52	GR/F91018/01	EPSRC	LAMBDA-CALCULUS AND DENOTATIONAL SEMANTICS	3104	http://gow.epsrc.ac.uk/NGBOViewGrant.aspx?GrantRef=GR/F91018/01	137
53	GR/F91162/01	EPSRC	THE DESIGN AND CONSTRUCTION OF PROOF DEVELOPMENT SYSTEMS	22808	http://gow.epsrc.ac.uk/NGBOViewGrant.aspx?GrantRef=GR/F91162/01	137
54	GR/G58588/01	EPSRC	LOGICAL AND SEMANTICAL FRAMEWORKS	330936	http://gow.epsrc.ac.uk/NGBOViewGrant.aspx?GrantRef=GR/G58588/01	137
55	GR/G55471/01	EPSRC	LOGICAL SYSTEMS AND LOGICAL FRAMEWORKS	3450	http://gow.epsrc.ac.uk/NGBOViewGrant.aspx?GrantRef=GR/G55471/01	137
56	GR/J84205/01	EPSRC	FRAMEWORKS FOR PROGRAMMING LANGUAGE SEMANTICS AND LOGIC	321496	http://gow.epsrc.ac.uk/NGBOViewGrant.aspx?GrantRef=GR/J84205/01	137
57	GR/M56333/01	EPSRC	THE STRUCTURE OF PROGRAMMING LANGUAGES: SYNTAX AND SEMANTICS	530319	http://gow.epsrc.ac.uk/NGBOViewGrant.aspx?GrantRef=GR/M56333/01	137
58	GR/S22097/01	EPSRC	Models of Concurrency	51361	http://gow.epsrc.ac.uk/NGBOViewGrant.aspx?GrantRef=GR/S22097/01	137
59	GR/S86372/01	EPSRC	A Theory of Effects for Programming Languages	430332	http://gow.epsrc.ac.uk/NGBOViewGrant.aspx?GrantRef=GR/S86372/01	137
60	GR/T23367/01	EPSRC	A Grainless Semantics for Shared Variable Concurrency	64612	http://gow.epsrc.ac.uk/NGBOViewGrant.aspx?GrantRef=GR/T23367/01	137
61	EP/D039045/1	EPSRC	Mathematical Structural Operational Semantics	124671	http://gow.epsrc.ac.uk/NGBOViewGrant.aspx?GrantRef=EP/D039045/1	137
62	EP/E031161/1	EPSRC	Linking Visual Formalisms and Specification Calculi for Biological Modeling	78464	http://gow.epsrc.ac.uk/NGBOViewGrant.aspx?GrantRef=EP/E031161/1	137
63	EP/H043055/1	EPSRC	The 2010 Federated Logic Conference	31980	http://gow.epsrc.ac.uk/NGBOViewGrant.aspx?GrantRef=EP/H043055/1	137
64	EP/G009228/1	EPSRC	Alan Bundy Symposium	7429	http://gow.epsrc.ac.uk/NGBOViewGrant.aspx?GrantRef=EP/G009228/1	163
65	GR/E59134/01	EPSRC	ML LANGUAGE DEVELOPMENT: MODULES, CONCURRENCY AND INTERFACING.	265951	http://gow.epsrc.ac.uk/NGBOViewGrant.aspx?GrantRef=GR/E59134/01	123
66	GR/N24988/01	EPSRC	A CORE CALCULUS FOR HIGHER LEVEL PATTERNS OF PROOF IN TYPE THEORY	63451	http://gow.epsrc.ac.uk/NGBOViewGrant.aspx?GrantRef=GR/N24988/01	120
67	EP/M027651/1	EPSRC	Energy Efficient Control	371397	http://gow.epsrc.ac.uk/NGBOViewGrant.aspx?GrantRef=EP/M027651/1	113
68	EP/E005039/1	EPSRC	Relational and XML Data Exchange: Semantics, Consistency, and Query Answering	457581	http://gow.epsrc.ac.uk/NGBOViewGrant.aspx?GrantRef=EP/E005039/1	102
69	EP/N033981/1	EPSRC	Network Measurement as a Service	276977	http://gow.epsrc.ac.uk/NGBOViewGrant.aspx?GrantRef=EP/N033981/1	100
70	EP/G049165/1	EPSRC	XML with Incomplete Information: Representation, Querying, and Applications	565505	http://gow.epsrc.ac.uk/NGBOViewGrant.aspx?GrantRef=EP/G049165/1	102
71	EP/J015377/1	EPSRC	Querying Graph Structured Data:  Principles and Techniques	637076	http://gow.epsrc.ac.uk/NGBOViewGrant.aspx?GrantRef=EP/J015377/1	102
72	EP/N023056/1	EPSRC	MAGIC: MAnaGing InComplete Data - New Foundations	1140111	http://gow.epsrc.ac.uk/NGBOViewGrant.aspx?GrantRef=EP/N023056/1	102
73	GR/T08791/01	EPSRC	A programming language based on game semantics	115683	http://gow.epsrc.ac.uk/NGBOViewGrant.aspx?GrantRef=GR/T08791/01	105
74	EP/P002692/1	EPSRC	Verification of cryptographic protocols: modular analysis of equivalence properties	97773	http://gow.epsrc.ac.uk/NGBOViewGrant.aspx?GrantRef=EP/P002692/1	6
75	GR/N64243/01	EPSRC	HARDWARE VERIFICATION BY COMBINING MODEL CHECKING AND THEOREM PROVING TECHNOLOGIES	59274	http://gow.epsrc.ac.uk/NGBOViewGrant.aspx?GrantRef=GR/N64243/01	78
76	EP/I010335/1	EPSRC	Automatic Proof Procedures for Polynomials and Special Functions	518444	http://gow.epsrc.ac.uk/NGBOViewGrant.aspx?GrantRef=EP/I010335/1	78
77	GR/F28953/01	EPSRC	BULK TYPE CONSTRUCTORS	83464	http://gow.epsrc.ac.uk/NGBOViewGrant.aspx?GrantRef=GR/F28953/01	8
78	GR/K79598/01	EPSRC	ZEST: ZONED EVOLVABLE SYSTEM TECHNOLOGY	157499	http://gow.epsrc.ac.uk/NGBOViewGrant.aspx?GrantRef=GR/K79598/01	8
79	GR/L10215/01	EPSRC	COMPUTER SYSTEM MODELLING VIA MARKOVIAN PROCESS ALGEBRA (COMPA)	165744	http://gow.epsrc.ac.uk/NGBOViewGrant.aspx?GrantRef=GR/L10215/01	72
80	EP/C543696/1	EPSRC	Process Algebra Approaches to Collective Dynamics	314776	http://gow.epsrc.ac.uk/NGBOViewGrant.aspx?GrantRef=EP/C543696/1	72
81	EP/C54370X/1	EPSRC	Process Algebra Approaches to Collective Dynamics	215740	http://gow.epsrc.ac.uk/NGBOViewGrant.aspx?GrantRef=EP/C54370X/1	72
82	EP/E031439/1	EPSRC	SIGNAL: Stochastic process algebra for biochemical signalling pathway analysis	281804	http://gow.epsrc.ac.uk/NGBOViewGrant.aspx?GrantRef=EP/E031439/1	72
83	GR/K87791/01	EPSRC	PJAVA: HIGH-PERFORMANCE ORTHOGONALLY PERSISTENT JAVA SERVERS	287022	http://gow.epsrc.ac.uk/NGBOViewGrant.aspx?GrantRef=GR/K87791/01	8
84	GR/R43235/01	EPSRC	SAILS: Self-Adjusting Indexes for Large Sequences	157134	http://gow.epsrc.ac.uk/NGBOViewGrant.aspx?GrantRef=GR/R43235/01	8
85	GR/R88717/01	EPSRC	GridNet- A proposal to establish a UK Network of Excellence in Grid Computing and e-Science	595021	http://gow.epsrc.ac.uk/NGBOViewGrant.aspx?GrantRef=GR/R88717/01	8
86	GR/S21878/01	EPSRC	e-STORM; e-Science Technical OpeRations Meetings	359056	http://gow.epsrc.ac.uk/NGBOViewGrant.aspx?GrantRef=GR/S21878/01	8
87	GR/S85023/01	EPSRC	Service Composition for Data Exploration in the Virtual Observatory (SC4DEVO)	41276	http://gow.epsrc.ac.uk/NGBOViewGrant.aspx?GrantRef=GR/S85023/01	8
88	EP/C531248/1	EPSRC	DIALOGUE - Data Integration Applications: Linking Organisations to Gain Understanding & Experience	39018	http://gow.epsrc.ac.uk/NGBOViewGrant.aspx?GrantRef=EP/C531248/1	8
89	EP/D022169/1	EPSRC	GridNet2	411542	http://gow.epsrc.ac.uk/NGBOViewGrant.aspx?GrantRef=EP/D022169/1	8
90	EP/D043956/1	EPSRC	OGSA-DAI: an OMII-UK node - Services and Middleware for e-Science	1860747	http://gow.epsrc.ac.uk/NGBOViewGrant.aspx?GrantRef=EP/D043956/1	8
91	EP/F013361/1	EPSRC	Supporting crossover between quantitative modelling communities	20432	http://gow.epsrc.ac.uk/NGBOViewGrant.aspx?GrantRef=EP/F013361/1	60
92	EP/L002388/1	EPSRC	Combining Viewpoints in Quantum Theory	438632	http://gow.epsrc.ac.uk/NGBOViewGrant.aspx?GrantRef=EP/L002388/1	71
93	EP/L002388/2	EPSRC	Combining Viewpoints in Quantum Theory	298236	http://gow.epsrc.ac.uk/NGBOViewGrant.aspx?GrantRef=EP/L002388/2	71
94	EP/D056314/1	EPSRC	The e-Science Institute: 2006 To 2011	2714338	http://gow.epsrc.ac.uk/NGBOViewGrant.aspx?GrantRef=EP/D056314/1	8
95	EP/F063946/1	EPSRC	All Hands Meeting Network (AHM-Net)	314800	http://gow.epsrc.ac.uk/NGBOViewGrant.aspx?GrantRef=EP/F063946/1	8
96	EP/F057695/1	EPSRC	NRP: National eScience Centre Research Platform	479506	http://gow.epsrc.ac.uk/NGBOViewGrant.aspx?GrantRef=EP/F057695/1	8
97	GR/G28291/01	EPSRC	SCHEDULING AND PARTITIONING LARGE SCALE INTELLIGENT MEMORARY MACHINES	32230	http://gow.epsrc.ac.uk/NGBOViewGrant.aspx?GrantRef=GR/G28291/01	8
98	EP/J019712/1	EPSRC	Milner Symposium 2012	22301	http://gow.epsrc.ac.uk/NGBOViewGrant.aspx?GrantRef=EP/J019712/1	137
99	GR/F35890/01	EPSRC	FORMAL SYSTEM DESIGN	81622	http://gow.epsrc.ac.uk/NGBOViewGrant.aspx?GrantRef=GR/F35890/01	55
100	GR/F31199/01	EPSRC	FORMALLY BASED SYSTEM DESIGN TOOLS	91366	http://gow.epsrc.ac.uk/NGBOViewGrant.aspx?GrantRef=GR/F31199/01	55
101	GR/J11850/01	EPSRC	SHARED ENVIRONMENTS FOR DISTRIBUTED COMPUTING	204996	http://gow.epsrc.ac.uk/NGBOViewGrant.aspx?GrantRef=GR/J11850/01	55
102	GR/L89532/01	EPSRC	NOTIONS OF COMPUTABILITY FOR GENERAL DATATYPES	166087	http://gow.epsrc.ac.uk/NGBOViewGrant.aspx?GrantRef=GR/L89532/01	55
103	GR/N31894/01	EPSRC	PROPOSITIONAL PLANNING	4531	http://gow.epsrc.ac.uk/NGBOViewGrant.aspx?GrantRef=GR/N31894/01	55
104	GR/N64571/01	EPSRC	A PROOF SYSTEM FOR CORRECT PROGRAM DEVELOPMENT	197475	http://gow.epsrc.ac.uk/NGBOViewGrant.aspx?GrantRef=GR/N64571/01	55
105	EP/E059600/1	EPSRC	Measurement-based quantum computing and its relation to other quantum models	400906	http://gow.epsrc.ac.uk/NGBOViewGrant.aspx?GrantRef=EP/E059600/1	90
106	EP/N003829/1	EPSRC	Verification of Quantum Technology	1237804	http://gow.epsrc.ac.uk/NGBOViewGrant.aspx?GrantRef=EP/N003829/1	90
107	GR/S76175/01	EPSRC	Discontinuous Behaviour in the Complexity of Randomized Algorithms	75562	http://gow.epsrc.ac.uk/NGBOViewGrant.aspx?GrantRef=GR/S76175/01	36
108	EP/D043905/1	EPSRC	Counting and Sampling of Lattice Points in Polytopes	80933	http://gow.epsrc.ac.uk/NGBOViewGrant.aspx?GrantRef=EP/D043905/1	36
109	GR/F38808/01	EPSRC	MATHEMATICALLY PROVEN SAFETY SOFTWARE	241343	http://gow.epsrc.ac.uk/NGBOViewGrant.aspx?GrantRef=GR/F38808/01	33
110	GR/S21717/01	EPSRC	Enhancing the Performance Predictability of Grid Applicationswith Patterns and Process Algebras	182357	http://gow.epsrc.ac.uk/NGBOViewGrant.aspx?GrantRef=GR/S21717/01	34
111	EP/L021749/1	EPSRC	Sublinear Algorithms for Approximating Probability Distributions	98776	http://gow.epsrc.ac.uk/NGBOViewGrant.aspx?GrantRef=EP/L021749/1	42
112	EP/D079829/1	EPSRC	e-Science Core Programme Senior Research Fellow	1134684	http://gow.epsrc.ac.uk/NGBOViewGrant.aspx?GrantRef=EP/D079829/1	8
113	GR/S78353/01	EPSRC	e-STORM; e-Science Technical OpeRations Meetings 2	675000	http://gow.epsrc.ac.uk/NGBOViewGrant.aspx?GrantRef=GR/S78353/01	8
114	GR/S63205/01	EPSRC	A System for Publishing Scientific Data	337825	http://gow.epsrc.ac.uk/NGBOViewGrant.aspx?GrantRef=GR/S63205/01	23
115	GR/S13194/01	EPSRC	Vectorised XML?	233281	http://gow.epsrc.ac.uk/NGBOViewGrant.aspx?GrantRef=GR/S13194/01	23
116	GR/T07374/01	EPSRC	Digital Curation Centre: Research	1101971	http://gow.epsrc.ac.uk/NGBOViewGrant.aspx?GrantRef=GR/T07374/01	23
117	EP/D020069/1	EPSRC	Optimised XML processing and its applications:  support for collaboration	5900	http://gow.epsrc.ac.uk/NGBOViewGrant.aspx?GrantRef=EP/D020069/1	23
118	EP/F028288/1	EPSRC	Heterogeneous and Permanent Data	1212248	http://gow.epsrc.ac.uk/NGBOViewGrant.aspx?GrantRef=EP/F028288/1	23
119	GR/D64629/01	EPSRC	COMPUTER ASSISTED FORMAL RESONING: INTERACTIVE PROOF EITING	178697	http://gow.epsrc.ac.uk/NGBOViewGrant.aspx?GrantRef=GR/D64629/01	24
120	GR/E38801/01	EPSRC	SYSTEMS DEVELOPMENT COORDINATION FOR THE LABORATORY FOR FOUNDATIONS OF COMPUTER SCIENCE	81537	http://gow.epsrc.ac.uk/NGBOViewGrant.aspx?GrantRef=GR/E38801/01	24
121	GR/E82620/01	EPSRC	COMPUTING FACILITY FOR THE LABORATORY FOR FOUNDATIONS OF COMPUTER SCIENCE	336604	http://gow.epsrc.ac.uk/NGBOViewGrant.aspx?GrantRef=GR/E82620/01	24
122	GR/F07866/01	EPSRC	COMPUTER ASSISTED FORMAL REASONING PROOF DEVELOPMENT FOR FORMAL SYSTEMS	259259	http://gow.epsrc.ac.uk/NGBOViewGrant.aspx?GrantRef=GR/F07866/01	24
123	GR/G55792/01	EPSRC	CONSTRUCTIVE LOGIC AS A BASIS FOR MATHEMATICAL DEVELOPMEN OF SOFTWARE	337712	http://gow.epsrc.ac.uk/NGBOViewGrant.aspx?GrantRef=GR/G55792/01	24
124	GR/J85509/01	EPSRC	APPLICATIONS OF A TYPE THEORY BASED PROOF ASSISTANT	403776	http://gow.epsrc.ac.uk/NGBOViewGrant.aspx?GrantRef=GR/J85509/01	24
125	GR/T27433/01	EPSRC	A Security Model For XML	309596	http://gow.epsrc.ac.uk/NGBOViewGrant.aspx?GrantRef=GR/T27433/01	50
126	EP/E029213/1	EPSRC	Cleaning Integrated Data: An Approach based on Conditional Constraints and Data Provenance	480585	http://gow.epsrc.ac.uk/NGBOViewGrant.aspx?GrantRef=EP/E029213/1	50
127	EP/H008063/1	EPSRC	Quaid - a platform for improving data quality	102185	http://gow.epsrc.ac.uk/NGBOViewGrant.aspx?GrantRef=EP/H008063/1	50
128	GR/T22452/01	EPSRC	Information Preservation in XML Integration: An Integrity Constraint Approach	3500	http://gow.epsrc.ac.uk/NGBOViewGrant.aspx?GrantRef=GR/T22452/01	50
129	GR/F71799/01	EPSRC	COMPUTATIONAL MODELLING OF MATHEMATICAL REASONING	298058	http://gow.epsrc.ac.uk/NGBOViewGrant.aspx?GrantRef=GR/F71799/01	22
130	GR/J59111/01	EPSRC	THE RELATIONSHIP BETWEEN FORMAL AND INFORMAL PROOFS	19838	http://gow.epsrc.ac.uk/NGBOViewGrant.aspx?GrantRef=GR/J59111/01	22
131	GR/J80702/01	EPSRC	COMPUTATIONAL MODELLING OF MATHEMATICAL REASONING	609531	http://gow.epsrc.ac.uk/NGBOViewGrant.aspx?GrantRef=GR/J80702/01	22
132	GR/K84981/01	EPSRC	DIFFERENCE REDUCTION TECHNIQUES IN AUTOMATING THEOREM PROVING	12443	http://gow.epsrc.ac.uk/NGBOViewGrant.aspx?GrantRef=GR/K84981/01	22
133	GR/L11724/01	EPSRC	COMPUTATIONAL MODELLING OF MATHEMATICAL REASONING	790433	http://gow.epsrc.ac.uk/NGBOViewGrant.aspx?GrantRef=GR/L11724/01	22
134	GR/M45030/01	EPSRC	COMPUTATIONAL MODELLING OF MATHEMATICAL REASONING	914659	http://gow.epsrc.ac.uk/NGBOViewGrant.aspx?GrantRef=GR/M45030/01	22
135	GR/M32443/01	EPSRC	UNIFYING PROOF PLANS AND SCHEMAS FOR PROGRAM SYNTHESIS AND TRANSFORMATION	4020	http://gow.epsrc.ac.uk/NGBOViewGrant.aspx?GrantRef=GR/M32443/01	22
136	GR/L14381/01	EPSRC	AUTOMATIC GUIDENCE OF MECHANICALLY GENERATED PROOFS	154114	http://gow.epsrc.ac.uk/NGBOViewGrant.aspx?GrantRef=GR/L14381/01	22
137	GR/R52954/01	EPSRC	Flexible incorporation of decision procedures into the LambdaClam proof-planning system	19670	http://gow.epsrc.ac.uk/NGBOViewGrant.aspx?GrantRef=GR/R52954/01	22
138	GR/R84559/01	EPSRC	Applying HR to the Study of Zariski Spaces	58897	http://gow.epsrc.ac.uk/NGBOViewGrant.aspx?GrantRef=GR/R84559/01	22
139	GR/S01771/01	EPSRC	Platform : The Integration and Interaction of Multiple Mathematical Reasoning Processes	426265	http://gow.epsrc.ac.uk/NGBOViewGrant.aspx?GrantRef=GR/S01771/01	22
140	GR/S25388/01	EPSRC	The Application of Deductive Synthesis Techniques to the Rapid Assembly of Grid Applications	111354	http://gow.epsrc.ac.uk/NGBOViewGrant.aspx?GrantRef=GR/S25388/01	22
141	GR/S31099/01	EPSRC	Automated Discovery in Mathematics	274157	http://gow.epsrc.ac.uk/NGBOViewGrant.aspx?GrantRef=GR/S31099/01	22
142	GR/S62949/01	EPSRC	Inferring Quality of Service Properties for Grid Applications	67002	http://gow.epsrc.ac.uk/NGBOViewGrant.aspx?GrantRef=GR/S62949/01	22
143	GR/S76328/01	EPSRC	The use of Data-Mining Techniques for the Automatic Formation of Tactics	54788	http://gow.epsrc.ac.uk/NGBOViewGrant.aspx?GrantRef=GR/S76328/01	22
144	GR/S98139/01	EPSRC	Automated Analysis of Security Critical Systems	183664	http://gow.epsrc.ac.uk/NGBOViewGrant.aspx?GrantRef=GR/S98139/01	22
145	EP/E005713/1	EPSRC	The Integration and Interaction of Multiple Mathematical Reasoning Processes.	922154	http://gow.epsrc.ac.uk/NGBOViewGrant.aspx?GrantRef=EP/E005713/1	22
146	EP/F033559/1	EPSRC	Automated Theorem Discovery	413817	http://gow.epsrc.ac.uk/NGBOViewGrant.aspx?GrantRef=EP/F033559/1	22
147	EP/G000700/1	EPSRC	Ontology Evolution in Physics	381408	http://gow.epsrc.ac.uk/NGBOViewGrant.aspx?GrantRef=EP/G000700/1	22
148	EP/H023119/1	EPSRC	The potential of automated reasoning tools to assist the working mathematician	100616	http://gow.epsrc.ac.uk/NGBOViewGrant.aspx?GrantRef=EP/H023119/1	22
149	EP/H024204/1	EPSRC	AI4FM: using AI to aid automation of proof search in Formal Methods	513669	http://gow.epsrc.ac.uk/NGBOViewGrant.aspx?GrantRef=EP/H024204/1	22
150	EP/J020524/1	EPSRC	Interpreting and integrating mismatched data on the fly	58667	http://gow.epsrc.ac.uk/NGBOViewGrant.aspx?GrantRef=EP/J020524/1	22
151	GR/D64612/01	EPSRC	COMPUTER ASSISTED FORMAL RESONING: LOGICS AND MODULARIY	267553	http://gow.epsrc.ac.uk/NGBOViewGrant.aspx?GrantRef=GR/D64612/01	24
152	GR/M98012/01	EPSRC	AUTOMATIC CONJECTURE MAKING IN MATHEMATICS	142505	http://gow.epsrc.ac.uk/NGBOViewGrant.aspx?GrantRef=GR/M98012/01	22
153	GR/G35565/01	EPSRC	PROGRAM SYNTHESIS AND TRANSFORMATION USING INTUITIONIST TYPE THEORY AND PROOF PLANS	10678	http://gow.epsrc.ac.uk/NGBOViewGrant.aspx?GrantRef=GR/G35565/01	22
154	GR/J05903/01	EPSRC	APPLICATION OF LOGIC TO AUTOMATED PROGRAM DEVELOPMENT	19764	http://gow.epsrc.ac.uk/NGBOViewGrant.aspx?GrantRef=GR/J05903/01	22
155	GR/H23610/01	EPSRC	COMPUTATIONAL MODELLING OF MATHEMATICAL REASONING	457240	http://gow.epsrc.ac.uk/NGBOViewGrant.aspx?GrantRef=GR/H23610/01	22
156	GR/F69703/01	EPSRC	PROGRAM SYNTHESIS AND TRANSFORMATION USING INTUITIONIST TYPE THEORY AND PROOF PLANS	14927	http://gow.epsrc.ac.uk/NGBOViewGrant.aspx?GrantRef=GR/F69703/01	22
157	\N	EPSRC	COMMUNICATION IN SAFETY CASES	238070	http://www.research.ed.ac.uk/portal/en/projects/communication-in-safety-cases(d07948eb-1ba7-4694-a3bc-e02edd621378).html	4
160	502011.K502/LT/JE R37939	Other (Learned Society)	Royal Society Wolfson Research Merit Award	125000	http://www.research.ed.ac.uk/portal/en/projects/royal-society-wolfson-research-merit-award(59dd0f3a-f11b-412f-85d9-628dcb4ecc3d).html	187
161	2014-046	UK industry, commerce and public corporations	Type Script: the Next Generation	37150	http://www.research.ed.ac.uk/portal/en/projects/type-script-the-next-generation(862c0354-0e28-43fa-afef-2e3fc26af6d0).html	187
164	CHBT/003/00084	UK industry, commerce and public corporations	Exabyte Scale Terabit access Storage Architecture (ESTASTAR)	356486	http://www.research.ed.ac.uk/portal/en/projects/exabyte-scale-terabit-access-storage-architecture-estastar(31d1c0c0-c9aa-4a3e-883d-bc7eb976b2d3).html	185
165	2012-037	UK industry, commerce and public corporations	Hostile Evalutaion in LINQ	35500	http://www.research.ed.ac.uk/portal/en/projects/hostile-evalutaion-in-linq(c47842be-7171-44c4-b8ab-46a0df5dffe4).html	185
166	2015-046	UK industry, commerce and public corporations	Space-Level support for persistence memory	37150	http://www.research.ed.ac.uk/portal/en/projects/spacelevel-support-for-persistence-memory(61c643e8-114a-4fdd-b46d-4de6bd77a6bb).html	185
167	RES/4060/7009	EPSRC	IRC in dependability of computer based systems	687630	http://www.research.ed.ac.uk/portal/en/projects/irc-in-dependability-of-computer-based-systems(563273f7-9d48-42fa-b7a3-de34c89fb26c).html	4
168	601043	EU government bodies	DIACHRON  Managing the Evolution and Preservation of the Data Webb (RTD)	393423	http://www.research.ed.ac.uk/portal/en/projects/diachron--managing-the-evolution-and-preservation-of-the-data-webb-rtd(7ff2342c-37b8-4554-af6b-81c8be6cc1f8).html	185
169	0000692643 PO 949517	Non-EU industry, commerce and public corporations	TBA	31250	http://www.research.ed.ac.uk/portal/en/projects/tba(0b440786-6e92-435b-9ff4-333c76ddfaf3).html	4
170	-	UK central government bodies/local authorities, health and hospital authorities	Long term collaborative research with key Japanese companies	4200	http://www.research.ed.ac.uk/portal/en/projects/long-term-collaborative-research-with-key-japanese-companies(98c128be-ffb7-4201-abdb-63ecea4e455e).html	4
171	770800669	UK central government bodies/local authorities, health and hospital authorities	Scotpho	23537	http://www.research.ed.ac.uk/portal/en/projects/scotpho(4690c8e4-590c-4c12-8fae-d85858a8aa7b).html	4
172	662289	EU government bodies	EE-IT - Centre of Excellence on Connected Digital Economy	113735	http://www.research.ed.ac.uk/portal/en/projects/eeit--centre-of-excellence-on-connected-digital-economy(5fd9d7fb-b0d0-4931-97d1-09a059393e19).html	4
173	710033	EU government bodies	SCIROCCO - Scaling Integrated Care in Context	111822	http://www.research.ed.ac.uk/portal/en/projects/scirocco--scaling-integrated-care-in-context(ac221e2b-246a-40fc-92b2-8584cb20877e).html	4
174	EP/E03165X/1	EPSRC	Distributed intelligent learning for mammographic screening	348529	http://www.research.ed.ac.uk/portal/en/projects/distributed-intelligent-learning-for-mammographic-screening(26f2d3bb-4b5a-41e7-a835-b9b4b4580d16).html	4
175	\N	EPSRC	APPLYING COMPOSITION THEOREMS	20259	http://www.research.ed.ac.uk/portal/en/projects/applying-composition-theorems(8bee8b1e-46a1-443c-b3be-d0f446c6c80f).html	170
176	2001-58(a)	UK industry, commerce and public corporations	NET Research Laboratory	10000	http://www.research.ed.ac.uk/portal/en/projects/net-research-laboratory(9411f7ee-795d-42fd-844c-0c34bdfad49b).html	165
177	IST-2001-38957	EU government bodies	APPSEM II - Applied Semantics II	11454	http://www.research.ed.ac.uk/portal/en/projects/appsem-ii--applied-semantics-ii(9839f6d2-a317-4351-a1bb-8054842ba862).html	165
178	EC 15905 RTD	EU government bodies	MOBIUS: Mobility, Ubiquity and Security	393801	http://www.research.ed.ac.uk/portal/en/projects/mobius-mobility-ubiquity-and-security(ed0368d6-af06-41d1-b50f-b22d0af8b6fb).html	165
179	EC 15905 TRAIN	EU government bodies	MOBIUS: Mobility, Ubiquity and Security	35117	http://www.research.ed.ac.uk/portal/en/projects/mobius-mobility-ubiquity-and-security(e261a73f-75e7-4f1a-a64f-16f38e752521).html	165
180	EC 15905 MGT	EU government bodies	MOBIUS: Mobility, Ubiquity and Security	14287	http://www.research.ed.ac.uk/portal/en/projects/mobius-mobility-ubiquity-and-security(665b2b1d-97b3-4e3f-b90c-4c2c5ef37c53).html	165
181	243881	EU government bodies	CERCO: Certified Complexity	382861	http://www.research.ed.ac.uk/portal/en/projects/cerco-certified-complexity(fac1b0f1-ae87-41e4-b200-41ccee837b37).html	165
182	RG 65358	Other	REMS: Rigorous Engineering for Mainstream Systems	631549	http://www.research.ed.ac.uk/portal/en/projects/rems-rigorous-engineering-for-mainstream-systems(f791adec-aeea-4851-89bd-4781a0ce31d4).html	165
183	\N	UK central government bodies/local authorities, health and hospital authorities	OBJECT ORIENTED PROGRAMS LEGO	5650	http://www.research.ed.ac.uk/portal/en/projects/object-oriented-programs-lego(1949a8e1-daeb-4e6e-82ae-36c5d4e29286).html	153
184	P.29432	EU government bodies	Common Framework Initiative Working Group	78667	http://www.research.ed.ac.uk/portal/en/projects/common-framework-initiative-working-group(ae63e831-5a79-4f85-9e87-22fd235dd0d8).html	153
185	WAR/341/238	UK central government bodies/local authorities, health and hospital authorities	Specifying and verifying mobile code in the CASL specification framework	4635	http://www.research.ed.ac.uk/portal/en/projects/specifying-and-verifying-mobile-code-in-the-casl-specification-framework(d5ec38ee-b2b6-4e1a-84f4-665769fcd0c6).html	153
186	IST-2001-33149	EU government bodies	MRG-Mobile Resources Guarantees	444732	http://www.research.ed.ac.uk/portal/en/projects/mrgmobile-resources-guarantees(728969f0-e611-40f0-bc3c-2974de2c88e2).html	153
187	ep/l024624/1	EPSRC	Verifying Changes: How Much Will it Cost?	118420	http://www.research.ed.ac.uk/portal/en/projects/verifying-changes-how-much-will-it-cost(6e68f895-bb88-4b37-b7bb-a503041812c2).html	142
188	\N	EU government bodies	F/SHIP - DR DANIELE TURI	70326	http://www.research.ed.ac.uk/portal/en/projects/fship--dr-daniele-turi(ed406c6b-42ab-4f4a-8c95-894bdf4f2569).html	137
189	MRL-2007-014	UK industry, commerce and public corporations	Studentship Michael Pederson	60000	http://www.research.ed.ac.uk/portal/en/projects/studentship-michael-pederson(a72bf22f-5c6a-4dd8-8b21-518e433ada62).html	137
190	JP080268	Other (Learned Society)	Verificaton of priced infinite-state real-time systems	9750	http://www.research.ed.ac.uk/portal/en/projects/verificaton-of-priced-infinitestate-realtime-systems(f5d61063-476b-4332-a865-e52f66f46e5c).html	113
191	IE110996	Other (Learned Society)	Algorithms for computationally hard problems in automata theory	12000	http://www.research.ed.ac.uk/portal/en/projects/algorithms-for-computationally-hard-problems-in-automata-theory(3dcc7178-177c-4b4d-9a7b-e1e68867a621).html	113
192	653497 panoramix (ia)	EU government bodies	Panoramix:Privacy and Accountability in Networks via Optimized Randomized Mix-nets	326333	http://www.research.ed.ac.uk/portal/en/projects/panoramixprivacy-and-accountability-in-networks-via-optimized-randomized-mixnets(6df32244-2b05-42c0-9262-771c847cae54).html	94
193	MEXC-CT-2005-024502	EU government bodies	XMLdata: designing, querying & exchanging XML data	314941	http://www.research.ed.ac.uk/portal/en/projects/xmldata-designing-querying--exchanging-xml-data(5326f695-c419-4ebc-9e31-986d7f740525).html	102
194	233599	EU government bodies	FOX	372730	http://www.research.ed.ac.uk/portal/en/projects/fox(6e69a004-d720-4ce1-87b9-ecf8c009b7dc).html	102
195	BLR00580	EPSRC	Value Added Data Systems: Principles and Architecture	1546471	http://www.research.ed.ac.uk/portal/en/projects/value-added-data-systems-principles-and-architecture(548e3af2-d033-4600-91f1-3948fb6acfe1).html	102
196	10508/151	UK-based charities	Distinguished Visiting Fellowship Scheme - Dr Elham Kashefi/Prof Yuan Feng	4180	http://www.research.ed.ac.uk/portal/en/projects/distinguished-visiting-fellowship-scheme--dr-elham-kashefiprof-yuan-feng(da8354f9-2286-40e3-b2e8-fffab13ec111).html	90
197	EP/M013243/1	Other	UK Quantum Technology Hub: NQIT - Networked Quantum Information Technologies	640236	http://www.research.ed.ac.uk/portal/en/projects/uk-quantum-technology-hub-nqit--networked-quantum-information-technologies(ec02e800-84b6-4bb4-ba76-ed91626afcea).html	90
198	ep/n003829/1	EPSRC	Verification of Quantum Technology	1547255	http://www.research.ed.ac.uk/portal/en/projects/verification-of-quantum-technology(6f859ffb-ef8f-476c-a13e-94e0e2a299b4).html	90
199	\N	UK central government bodies/local authorities, health and hospital authorities	BRITISH-GERMAN ACADEMIC RES	9200	http://www.research.ed.ac.uk/portal/en/projects/britishgerman-academic-res(f7ff4464-66a6-41ab-bfd0-8aa7d5f989c1).html	72
200	2014-051	UK industry, commerce and public corporations	SMT for nonlinear constraints with application to computational biology student-Kristjan Liiva	37150	http://www.research.ed.ac.uk/portal/en/projects/smt-for-nonlinear-constraints-with-application-to-computational-biology-studentkristjan-liiva(9aa08e42-2998-4d27-9481-7d2a3bff670e).html	78
201	MRL-2007-013	UK industry, commerce and public corporations	Studentship Michael Smith	50000	http://www.research.ed.ac.uk/portal/en/projects/studentship-michael-smith(febb062c-a9b9-4c9a-8d2a-dab8ec054d3c).html	72
202	JP090562	Other (Learned Society)	Modelling stochastic hybrid systems compositionally with process algebra	10029	http://www.research.ed.ac.uk/portal/en/projects/modelling-stochastic-hybrid-systems-compositionally-with-process-algebra(22f91bd2-fe5d-497f-b622-e152f43896ea).html	72
203	2013-036	UK industry, commerce and public corporations	Machine learning methods for formal dynamical systems: a systems biology case study	35500	http://www.research.ed.ac.uk/portal/en/projects/machine-learning-methods-for-formal-dynamical-systems-a-systems-biology-case-study(e0366b31-f568-460e-b6ea-75524702230a).html	72
204	2014-049	UK industry, commerce and public corporations	Formal Language Support for Ecological Modelling\r\n\r\nStudent:Ludovica Luisa Vissat	37150	http://www.research.ed.ac.uk/portal/en/projects/formal-language-support-for-ecological-modelling-studentludovica-luisa-vissat(8feae05b-7645-4f4a-9a96-c05a49704389).html	72
205	600708	EU government bodies	QUANTICOL - A Quantitative Approach to Management and Design of Collective and Adaptive Behaviours (RTD)	943174	http://www.research.ed.ac.uk/portal/en/projects/quanticol--a-quantitative-approach-to-management-and-design-of-collective-and-adaptive-behaviours-rtd(d042a24e-2821-4fb0-8847-b4cfa46e7ca3).html	72
206	16004 MGT	EU government bodies	SENSORIA-Software Engineering for Service-Orientated Overlay Computers	2758	http://www.research.ed.ac.uk/portal/en/projects/sensoriasoftware-engineering-for-serviceorientated-overlay-computers(955b9ca5-d76a-43b2-a9b3-2b3c099bdf2f).html	60
207	16004 RTD	EU government bodies	SENSORIA-Software Engineering for Service-Orientated Overlay Computers	279520	http://www.research.ed.ac.uk/portal/en/projects/sensoriasoftware-engineering-for-serviceorientated-overlay-computers(ffbdb672-4d9b-425e-9b02-414f4012a252).html	60
208	EP/F01336/1	EPSRC	Supporting crossover between quantative modelling communities	25540	http://www.research.ed.ac.uk/portal/en/projects/supporting-crossover-between-quantative-modelling-communities(3a45d136-4472-4dad-b072-23b0c8f8269d).html	60
209	BB/FOF/PF/4/10	BBSRC	Building Connections between systems biology software tools for kinetic modelling and analysis	9645	http://www.research.ed.ac.uk/portal/en/projects/building-connections-between-systems-biology-software-tools-for-kinetic-modelling-and-analysis(c7448f5a-a0f4-4150-9227-c64870b226b1).html	60
210	bb/i014713/1	BBSRC	RA1555 Systems Training in Maths, Informatics and Computational Biology (SySMIC)	85124	http://www.research.ed.ac.uk/portal/en/projects/ra1555-systems-training-in-maths-informatics-and-computational-biology-sysmic(5a62e1bd-2b0b-46e0-b1e5-fd08ed2897dd).html	60
211	\N	UK-based charities	Effective Algorithms in Computational Learning Theory	2500	http://www.research.ed.ac.uk/portal/en/projects/effective-algorithms-in-computational-learning-theory(2d760a6c-9d2c-4bd0-9e82-284617524cb2).html	42
212	bmpf_p40657-3	EPSRC	An Infrastructure for platform technology in synthetic biology	50191	http://www.research.ed.ac.uk/portal/en/projects/an-infrastructure-for-platform-technology-in-synthetic-biology(1d3cbae9-9b0e-401b-9940-a8748276e0e9).html	39
213	320823 rule	EU government bodies	RULE	1526024	http://www.research.ed.ac.uk/portal/en/projects/rule(62a384d8-4c75-4bc5-9305-538358c5988e).html	39
214	bb/m018040/1 - 5	BBSRC	SynthSys-Mammalian: Edinburgh Mammalian Synthetic Biology Research Centre (linked RA3093-8)	317621	http://www.research.ed.ac.uk/portal/en/projects/synthsysmammalian-edinburgh-mammalian-synthetic-biology-research-centre-linked-ra30938(d09755a3-a9b2-4c37-a224-8d76d14b8e45).html	39
215	2015-059	UK industry, commerce and public corporations	Formal Decomposition of Strongly coupled Systems	37150	http://www.research.ed.ac.uk/portal/en/projects/formal-decomposition-of-strongly-coupled-systems(e1b6e424-5841-4c2f-ba96-1a5dd5f28d28).html	39
216	443570/MMS/INT	UK-based charities	Object identification for complex data	12000	http://www.research.ed.ac.uk/portal/en/projects/object-identification-for-complex-data(27499c2c-11a5-4f4f-b141-bcd8a5cef488).html	50
217	652976	EU government bodies	GRACE-Resource Bounded Graph Query Answering	1608536	http://www.research.ed.ac.uk/portal/en/projects/graceresource-bounded-graph-query-answering(7da2265d-e73d-401b-b040-c4c3ab13928c).html	50
218	630837	EU government bodies	LTSPD: Learning and Testing Structured Probability Distribution	76922	http://www.research.ed.ac.uk/portal/en/projects/ltspd-learning-and-testing-structured-probability-distribution(a714a774-a56c-41ad-a1ac-94f2da922963).html	42
219	IE120964	UK-based charities	Efficient algorithms for verification of recursive probabilistic system	11950	http://www.research.ed.ac.uk/portal/en/projects/efficient-algorithms-for-verification-of-recursive-probabilistic-system(f11d9297-6d3b-431c-9070-445e200aad5c).html	48
220	\N	Non-EU other	Evolutionary game theory modelling of stem cell interactions in a tissue engineering system: achieving control of conflict	31246	http://www.research.ed.ac.uk/portal/en/projects/evolutionary-game-theory-modelling-of-stem-cell-interactions-in-a-tissue-engineering-system-achieving-control-of-conflict(d03c96d7-37b0-47a8-b16d-de25cb9dd886).html	27
221	GR/N64243/01	EPSRC	Hardware verification by combining model checking and theorem proving technologies	59274	http://www.research.ed.ac.uk/portal/en/projects/hardware-verification-by-combining-model-checking-and-theorem-proving-technologies(67b643d3-8203-4cda-873b-b6dfed3fd69c).html	24
222	2014-051	UK industry, commerce and public corporations	SMT for nonlinear constraints with application to computational biology student-Kristjan Liiva	37150	http://www.research.ed.ac.uk/portal/en/projects/smt-for-nonlinear-constraints-with-application-to-computational-biology-studentkristjan-liiva(9aa08e42-2998-4d27-9481-7d2a3bff670e).html	24
223	EP/I010335/1	EPSRC	Automatic proof procedures for polynomials and special functions	632417	http://www.research.ed.ac.uk/portal/en/projects/automatic-proof-procedures-for-polynomials-and-special-functions(c7871e52-606f-4fa3-bfc5-4bb459376955).html	24
224	uf120030	Other (Learned Society)	Nominal abstract syntax: automata, mechanised metatheory, and type theory	834178	http://www.research.ed.ac.uk/portal/en/projects/nominal-abstract-syntax-automata-mechanised-metatheory-and-type-theory(367b65df-11dd-41b9-826b-5dee3d2e4684).html	31
225	50211.K502/KAW/je	Other (Learned Society)	Royal Society Wolfson Research Merit Award	272000	http://www.research.ed.ac.uk/portal/en/projects/royal-society-wolfson-research-merit-award(24731195-0601-4cdc-b56f-2ab5a94e16ae).html	23
226	FA8655-13-1-3006	Non-EU other	FOUNDATIONS OF LANGUAGE-BASED PROVENANCE SECURITY	454865	http://www.research.ed.ac.uk/portal/en/projects/foundations-of-languagebased-provenance-security(f81c5ff2-044f-48ce-b501-3c5eb2d1b5d7).html	31
227	516002.K501/SC/PM/ROG	Other (Learned Society)	Mechanising metatheory with nominal logic programming	415068	http://www.research.ed.ac.uk/portal/en/projects/mechanising-metatheory-with-nominal-logic-programming(78543b9f-f2e6-4fbf-a816-d268e0085d31).html	31
228	FP6-507618	EU government bodies	DELOS: Integrating Activities	78275	http://www.research.ed.ac.uk/portal/en/projects/delos-integrating-activities(3f93e01f-edea-44c5-a1b2-4242ab537ed7).html	23
229	INFO29653	UK central government bodies/local authorities, health and hospital authorities	Demonstration and pilot of wireless access technology	29445	http://www.research.ed.ac.uk/portal/en/projects/demonstration-and-pilot-of-wireless-access-technology(54286902-d88b-41c4-9c2a-9746722f62d9).html	23
230	604102 hbp-2	EU government bodies	The Human Brain Project HBP	76924	http://www.research.ed.ac.uk/portal/en/projects/the-human-brain-project-hbp(d176c609-9ec2-4fc1-90dc-824a4585dbce).html	23
231	9350830	UK industry, commerce and public corporations	A West-Coast Internet Backbone	361000	http://www.research.ed.ac.uk/portal/en/projects/a-westcoast-internet-backbone(0d510f90-ffdb-44c0-8b2f-76a42c1c07db).html	23
232	2013-012	UK industry, commerce and public corporations	Provenance for configuration Language Security	35500	http://www.research.ed.ac.uk/portal/en/projects/provenance-for-configuration-language-security(e423bceb-18eb-45ab-845a-a7b2f0c17c2f).html	31
233	\N	Non-EU industry, commerce and public corporations	LogiBlox Inc. Research Funding for Dr James Cheney	80000	http://www.research.ed.ac.uk/portal/en/projects/logiblox-inc-research-funding-for-dr-james-cheney(40ed6420-6898-4b1f-ac31-93317b3e9b62).html	31
234	2015-010	Non-EU other	A Diagnostics Approach to Persistent Threat Detection (ADAPT)	119605	http://www.research.ed.ac.uk/portal/en/projects/a-diagnostics-approach-to-persistent-threat-detection-adapt(b41429ef-e645-4c33-af47-64b55ec600ef).html	31
235	682315	EU government bodies	Skye-A programming language bridging theory and practice for scientific data curation	1375987	http://www.research.ed.ac.uk/portal/en/projects/skyea-programming-language-bridging-theory-and-practice-for-scientific-data-curation(3e662ea3-0412-4d78-9b04-f488cf6f7f68).html	31
236	HPRN-CT-2002-00283	EU government bodies	GAMES	99950	http://www.research.ed.ac.uk/portal/en/projects/games(83b27e25-0b0d-40d7-8f6d-eac9d7ea5170).html	19
246	GR/N28436/01	EPSRC	TYPE SYSTEMS FOR RESOURCE-BOUNDED PROGRAMMING AND COMPILATION	121863	http://gow.epsrc.ac.uk/NGBOViewGrant.aspx?GrantRef=GR/N28436/01	7
247	EP/G020760/1	EPSRC	Knowledge-Based Authentication: Evaluating and Improving	65253	http://gow.epsrc.ac.uk/NGBOViewGrant.aspx?GrantRef=EP/G020760/1	7
248	EP/G006032/1	EPSRC	Resource Static Analysis	101255	http://gow.epsrc.ac.uk/NGBOViewGrant.aspx?GrantRef=EP/G006032/1	7
249	EP/K032666/1	EPSRC	App Guarden: Resilient Application Stores	588377	http://gow.epsrc.ac.uk/NGBOViewGrant.aspx?GrantRef=EP/K032666/1	7
250	EP/L02277X/1	EPSRC	Robustness-as-evolvability: building a dynamic control plane with Software-Defined Networking	278969	http://gow.epsrc.ac.uk/NGBOViewGrant.aspx?GrantRef=EP/L02277X/1	7
251	EIG 2004	UK industry, commerce and public corporations	EXLIPSE PROOF GENERAL:INTERACTIVE PROOF	12395	http://www.research.ed.ac.uk/portal/en/projects/exlipse-proof-generalinteractive-proof(7643841a-7745-4ba5-9a07-0d93b995e5c2).html	7
252	2008-003	UK industry, commerce and public corporations	Postgraduate Research Studentship - Eliot Setzer	66000	http://www.research.ed.ac.uk/portal/en/projects/postgraduate-research-studentship--eliot-setzer(c5652e07-44d3-412a-a171-4606900aa3f7).html	7
253	2013-015 (dp961920)	UK industry, commerce and public corporations	Bayesian Probalistic Programming for Security	41600	http://www.research.ed.ac.uk/portal/en/projects/bayesian-probalistic-programming-for-security(f800e58a-b778-44cf-a01c-e0858bb29b4f).html	7
254	113386	EPSRC	The integration and interaction of multiple mathematical reasoning processes	561610	http://www.research.ed.ac.uk/portal/en/projects/the-integration-and-interaction-of-multiple-mathematical-reasoning-processes(d2e6fe62-1b1e-4887-8771-9ee72b1f53ca).html	7
\.


--
-- Name: grants_id_seq; Type: SEQUENCE SET; Schema: public; Owner: -
--

SELECT pg_catalog.setval('grants_id_seq', 254, true);


--
-- Data for Name: people; Type: TABLE DATA; Schema: public; Owner: -
--

COPY people (id, name, url, location, nationality, search_vector) FROM stdin;
1	Yusef Abu Shabaan	\N	\N	\N	'abu':2A 'shabaan':3A 'yusef':1A
2	Mark Adams	\N	\N	\N	'adam':2A 'mark':1A
3	Bahareh Afshari	http://dmg.tuwien.ac.at/afshari/	TUW, Vienna	\N	'afshari':2A 'bahareh':1A 'tuw':3C 'vienna':4C
4	Jaume Agusti	\N	\N	Spanish	'agusti':2A 'jaum':1A 'spanish':3C
5	Danel Ahman	http://www.inf.ed.ac.uk/people/students/Danel_Ahman.html	LFCS	\N	'ahman':2A 'danel':1A 'lfcs':3C
6	Jorge Branco Aires	http://www.inf.ed.ac.uk/people/students/Jorge_Branco_Aires.html	Univ of Coimbra	\N	'air':3A 'branco':2A 'coimbra':6C 'jorg':1A 'univ':4C
7	Cristina Alexandru	http://homepages.inf.ed.ac.uk/s0951739/index.htm	\N	\N	'alexandru':2A 'cristina':1A
8	Ricardo Almeida	http://www.inf.ed.ac.uk/people/students/Ricardo_Almeida.html	LFCS	Portuguese	'almeida':2A 'lfcs':3C 'portugues':4C 'ricardo':1A
9	Thorsten Altenkirch	\N	Reader at the University of Nottingham	German	'altenkirch':2A 'german':9C 'nottingham':8C 'reader':3C 'thorsten':1A 'univers':6C
10	Shunichi Amano	\N	IBM Tokyo	Japanese	'amano':2A 'ibm':3C 'japanes':5C 'shunichi':1A 'tokyo':4C
11	Simon Ambler	\N	University of Leicester	\N	'ambler':2A 'leicest':5C 'simon':1A 'univers':3C
12	Bill Anderson	\N	\N	\N	'anderson':2A 'bill':1A
13	Paul Anderson	\N	LFCS	British	'anderson':2A 'british':4C 'lfcs':3C 'paul':1A
14	Stuart Anderson	http://www.inf.ed.ac.uk/people/staff/Stuart_Anderson.html	LFCS	British	'anderson':2A 'british':4C 'lfcs':3C 'stuart':1A
15	Vasilis Andreou	\N	\N	\N	'andreou':2A 'vasili':1A
16	James Andrews	andrews@csd.uwo.ca	Google, Mountain View	British	'andrew':2A 'british':6C 'googl':3C 'jame':1A 'mountain':4C 'view':5C
17	Apostolidis Apostolos	\N	Did not finish PhD	\N	'apostolidi':1A 'apostolo':2A 'finish':5C 'phd':6C
18	Andrew Appel	\N	\N	\N	'andrew':1A 'appel':2A
19	Myrto Arapinis	http://www.inf.ed.ac.uk/people/staff/Myrto_Arapinis.html	LFCS	\N	'arapini':2A 'lfcs':3C 'myrto':1A
21	Maria Astefanoaei	http://www.inf.ed.ac.uk/people/students/Maria_Astefanoaei.html	LFCS	\N	'astefanoaei':2A 'lfcs':3C 'maria':1A
22	Robert Atkey	http://bentnib.org/	\N	British	'atkey':2A 'british':3C 'robert':1A
23	Malcolm Atkinson	http://www.inf.ed.ac.uk/people/staff/Malcolm_Atkinson.html	\N	British	'atkinson':2A 'british':3C 'malcolm':1A
24	Arnon Avron	\N	Professor, Computer Science Department, Tel Aviv University	Israeli	'arnon':1A 'aviv':8C 'avron':2A 'comput':4C 'depart':6C 'isra':10C 'professor':3C 'scienc':5C 'tel':7C 'univers':9C
25	Giorgio Bacci	\N	\N	\N	'bacci':2A 'giorgio':1A
26	Paolo Ballarini	\N	\N	Italian	'ballarini':2A 'italian':3C 'paolo':1A
27	Christopher Banks	http://homepages.inf.ed.ac.uk/s0968997	ICSA	British	'bank':2A 'british':4C 'christoph':1A 'icsa':3C
28	Andrew G Barber	\N	\N	\N	'andrew':1A 'barber':3A 'g':2A
29	M Barnett	\N	\N	\N	'barnett':2A 'm':1A
30	Simon Bartels	http://www.inf.ed.ac.uk/people/staff/Simon_Bartels.html	\N	\N	'bartel':2A 'simon':1A
31	Andrew Bates	\N	\N	\N	'andrew':1A 'bate':2A
32	Ingo Battenfeld	\N	\N	German	'battenfeld':2A 'german':3C 'ingo':1A
33	Robert Beattie	\N	\N	\N	'beatti':2A 'robert':1A
34	Marek Bednarczyk	\N	\N	Polish	'bednarczyk':2A 'marek':1A 'polish':3C
35	Nicholas Behr	http://www.inf.ed.ac.uk/people/staff/Nicolas_Behr.html	LFCS	\N	'behr':2A 'lfcs':3C 'nichola':1A
36	Gianluigi Bellin	\N	\N	Italian	'bellin':2A 'gianluigi':1A 'italian':3C
37	Anne Benoit	\N	\N	French	'ann':1A 'benoit':2A 'french':3C
38	Lennart Beringer	\N	\N	German	'bering':2A 'german':3C 'lennart':1A
39	David Berry	\N	Head of Development Services, Applications Division, University of Edinburgh	British	'applic':7C 'berri':2A 'british':12C 'david':1A 'develop':5C 'divis':8C 'edinburgh':11C 'head':3C 'servic':6C 'univers':9C
40	Bernard Berthomieu	\N	\N	\N	'bernard':1A 'berthomieu':2A
41	Yves Bertot	\N	\N	\N	'bertot':2A 'yves':1A
42	Inge-Marie Bethke	\N	\N	\N	'bethk':3A 'ing':1A 'mari':2A
43	Michel Bidoit	\N	\N	French	'bidoit':2A 'french':3C 'michel':1A
44	Robbie Bishop	\N	\N	\N	'bishop':2A 'robbi':1A
45	Andrew Black	\N	\N	\N	'andrew':1A 'black':2A
46	Veselin Blagoev	https://www.inf.ed.ac.uk/people/students/Veselin_Blagoev.html	LFCS	\N	'blagoev':2A 'lfcs':3C 'veselin':1A
47	Jo Blishen	\N	High School Maths Teacher	British	'blishen':2A 'british':7C 'high':3C 'jo':1A 'math':5C 'school':4C 'teacher':6C
48	Phillip Bohannon	\N	\N	\N	'bohannon':2A 'phillip':1A
49	Michele Boreale	\N	\N	\N	'boreal':2A 'michel':1A
50	Luca Bortolussi	http://www.dmi.units.it/~bortolu/index.html	\N	\N	'bortolussi':2A 'luca':1A
51	Rajendra Bose	\N	\N	\N	'bose':2A 'rajendra':1A
52	Juliana Bowles	\N	\N	\N	'bowl':2A 'juliana':1A
53	Julian Bradfield	http://www.inf.ed.ac.uk/people/staff/Julian_Bradfield.html	LFCS	British	'bradfield':2A 'british':4C 'julian':1A 'lfcs':3C
54	Loreto Bravo	\N	\N	\N	'bravo':2A 'loreto':1A
55	James Brotherston	\N	UCL	British	'british':4C 'brotherston':2A 'jame':1A 'ucl':3C
56	Carolyn Brown	CIO Durham University search site: dur.ac.uk	\N	British	'british':3C 'brown':2A 'carolyn':1A
57	Simon Brown	\N	\N	British	'british':3C 'brown':2A 'simon':1A
58	Vaclav Brozek	http://www.inf.ed.ac.uk/people/staff/Vaclav_Brozek.html	\N	Czech	'brozek':2A 'czech':3C 'vaclav':1A
59	Glen R Bruns	\N	\N	\N	'brun':3A 'glen':1A 'r':2A
60	Russ Bubley	\N	\N	\N	'bubley':2A 'russ':1A
61	Dominik Bucher	\N	\N	British	'british':3C 'bucher':2A 'dominik':1A
62	Alan Bundy	http://www.inf.ed.ac.uk/people/staff/Alan_Bundy.html	\N	\N	'alan':1A 'bundi':2A
63	Peter Buneman	http://www.inf.ed.ac.uk/people/staff/Peter_Buneman.html	LFCS	British	'british':4C 'buneman':2A 'lfcs':3C 'peter':1A
64	Olaf Burkart	\N	\N	\N	'burkart':2A 'olaf':1A
65	Rod Burstall	\N	\N	\N	'burstal':2A 'rod':1A
66	Luca Cacchiani	\N	\N	\N	'cacchiani':2A 'luca':1A
67	Brian Campbell	http://www.inf.ed.ac.uk/people/staff/Brian_Campbell.html	LFCS	British	'brian':1A 'british':4C 'campbel':2A 'lfcs':3C
68	Catherine Canevet	\N	Oracle, London	\N	'canevet':2A 'catherin':1A 'london':4C 'oracl':3C
69	Yang Cao	http://www.inf.ed.ac.uk/people/students/Yang_Cao.html	LFCS	\N	'cao':2A 'lfcs':3C 'yang':1A
70	Daniela Vasconcelos Carbogim	\N	\N	\N	'carbogim':3A 'daniela':1A 'vasconcelo':2A
71	Ilaria Castellani	\N	INRIA, Paris	Italian	'castellani':2A 'ilaria':1A 'inria':3C 'italian':5C 'pari':4C
72	Matteo Cavaliere	http://www.inf.ed.ac.uk/people/staff/Matteo_Cavaliere.html	LFCS	\N	'cavalier':2A 'lfcs':3C 'matteo':1A
73	Carlo Cecci	\N	\N	\N	'carlo':1A 'cecci':2A
74	Pietro Cenciarelli	\N	\N	Italian	'cenciarelli':2A 'italian':3C 'pietro':1A
75	Chiranjit Chakraborty	http://www.inf.ed.ac.uk/people/students/Chiranjit_Chakraborty.html	\N	\N	'chakraborti':2A 'chiranjit':1A
76	Arthur Chan	https://www.inf.ed.ac.uk/people/students/Sheung_chi_Chan.html	\N	\N	'arthur':1A 'chan':2A
77	Adriane Chapman	\N	\N	\N	'adrian':1A 'chapman':2A
79	Aziem Chawdhary	http://www.inf.ed.ac.uk/people/staff/Aziem_Chawdhary.html	\N	\N	'aziem':1A 'chawdhari':2A
80	Chee Yong Chee	\N	\N	\N	'chee':1A,3A 'yong':2A
81	Liang Chen	\N	\N	\N	'chen':2A 'liang':1A
82	Ruiwen Chen	http://www.inf.ed.ac.uk/people/staff/Ruiwen_Chen.html	\N	\N	'chen':2A 'ruiwen':1A
83	Wei Chen	http://www.inf.ed.ac.uk/people/staff/Wei_Chen.html	LFCS	\N	'chen':2A 'lfcs':3C 'wei':1A
84	Yin Chen	\N	\N	\N	'chen':2A 'yin':1A
85	James Cheney	http://www.inf.ed.ac.uk/people/staff/James_Cheney.html	LFCS	American	'american':4C 'cheney':2A 'jame':1A 'lfcs':3C
86	Paul Chisholm	\N	\N	\N	'chisholm':2A 'paul':1A
87	Byron Choi	\N	\N	\N	'byron':1A 'choi':2A
88	Sren Christensen	\N	\N	British	'british':3C 'christensen':2A 'sren':1A
89	Gabriel Ciobanu	\N	\N	Romanian	'ciobanu':2A 'gabriel':1A 'romanian':3C
90	Radu Ciobanu	http://www.inf.ed.ac.uk/people/students/Radu_Ciobanu.html	LFCS	\N	'ciobanu':2A 'lfcs':3C 'radu':1A
91	Federica Ciocchetta	\N	\N	Italian	'ciocchetta':2A 'federica':1A 'italian':3C
92	Cristina Civilli	http://www.inf.ed.ac.uk/people/staff/Cristina_Civili.html	LFCS	\N	'civilli':2A 'cristina':1A 'lfcs':3C
93	Allan Clark	\N	\N	British	'allan':1A 'british':3C 'clark':2A
94	Graham Clark	\N	Works in industry in the US now, but I have lost touch so I don't know the details	\N	'clark':2A 'detail':21C 'graham':1A 'industri':5C 'know':19C 'lost':13C 'touch':14C 'us':8C 'work':3C
95	George Cleland	\N	\N	British	'british':3C 'cleland':2A 'georg':1A
96	Lorenzo Clemente	http://www.inf.ed.ac.uk/people/students/Lorenzo_Clemente.html	\N	Italian	'clement':2A 'italian':3C 'lorenzo':1A
97	Murray Cole	\N	\N	\N	'cole':2A 'murray':1A
98	Gao Cong	\N	\N	\N	'cong':2A 'gao':1A
99	Robert Constable	\N	\N	American	'american':3C 'constabl':2A 'robert':1A
100	Jonathan J Cook	\N	Deceased.	British	'british':5C 'cook':3A 'deceas':4C 'j':2A 'jonathan':1A
101	Ezra Cooper	\N	\N	American	'american':3C 'cooper':2A 'ezra':1A
102	Patrick John Creed	\N	\N	Irish	'creed':3A 'irish':4C 'john':2A 'patrick':1A
103	Mary Cryan	http://www.inf.ed.ac.uk/people/staff/Mary_Cryan.html	LFCS	\N	'cryan':2A 'lfcs':3C 'mari':1A
104	Luciana D'Adderio	\N	\N	Italian	'adderio':3A 'd':2A 'italian':4C 'luciana':1A
105	Fabio da Silva	http://www.cin.ufpe.br/~fabio/Fabio_Silvas_Website/About_Me.html	Federal Univ. of Pernambuco	\N	'da':2A 'fabio':1A 'feder':4C 'pernambuco':7C 'silva':3A 'univ':5C
106	Fredrik Dahlqvist	http://www.inf.ed.ac.uk/people/staff/Fredrik_Dahlqvist.html	\N	\N	'dahlqvist':2A 'fredrik':1A
107	Mads Dam	\N	\N	\N	'dam':2A 'mad':1A
108	Vincent Danos	http://www.inf.ed.ac.uk/people/staff/Vincent_Danos.html	LFCS	French	'dano':2A 'french':4C 'lfcs':3C 'vincent':1A
109	Claire David	\N	mdc at U Paris-Est	\N	'clair':1A 'david':2A 'est':7C 'mdc':3C 'pari':6C 'u':5C
110	Bruce Davie	\N	\N	\N	'bruce':1A 'davi':2A
111	Margaret Davis	\N	\N	\N	'davi':2A 'margaret':1A
112	Guglielmo De Concini	\N	\N	\N	'concini':3A 'de':2A 'guglielmo':1A
113	Carla Delgado	\N	\N	\N	'carla':1A 'delgado':2A
114	Ting Deng	\N	\N	\N	'deng':2A 'ting':1A
115	Ewen Denney	http://www.inf.ed.ac.uk/people/staff/Ewen_Denney.html	\N	British	'british':3C 'denney':2A 'ewen':1A
116	Razvan Diaconescu	\N	\N	Romanian	'diaconescu':2A 'razvan':1A 'romanian':3C
117	Ilias Diakonikolas	http://www.inf.ed.ac.uk/people/staff/Ilias_Diakonikolas.html	University of California	\N	'california':5C 'diakonikola':2A 'ilia':1A 'univers':3C
118	Jie Ding	\N	Works as an assistant professor at the University of Yangzhou	\N	'assist':6C 'ding':2A 'jie':1A 'professor':7C 'univers':10C 'work':3C 'yangzhou':12C
119	Luis Dominguez	\N	\N	\N	'dominguez':2A 'lui':1A
120	Andrew Drucker	http://www.inf.ed.ac.uk/people/staff/Andrew_Drucker.html	\N	\N	'andrew':1A 'drucker':2A
121	Gilles Dubochet	\N	\N	\N	'dubochet':2A 'gill':1A
122	Angus Duggan	\N	Adobe, Seattle	\N	'adob':3C 'angus':1A 'duggan':2A 'seattl':4C
123	Adam Duguid	\N	\N	British	'adam':1A 'british':3C 'duguid':2A
124	Vedran Dunjko	http://www.inf.ed.ac.uk/people/staff/Vedran_Dunjko.html	\N	\N	'dunjko':2A 'vedran':1A
125	Roy Dyckhoff	https://rd.host.cs.st-andrews.ac.uk/	Hon. SL at St Andrews	British	'andrew':7C 'british':8C 'dyckhoff':2A 'hon':3C 'roy':1A 'sl':4C 'st':6C
126	Martin Dyer	\N	\N	British	'british':3C 'dyer':2A 'martin':1A
311	Angelika Mader	\N	\N	German	'angelika':1A 'german':3C 'mader':2A
127	Keith Edwards	https://www.inf.ed.ac.uk/people/staff/Keith_Edwards.html	\N	\N	'edward':2A 'keith':1A
128	Jeff Egger	http://wcms.inf.ed.ac.uk/lfcs/people/research-staff/jeff-egger	\N	\N	'egger':2A 'jeff':1A
129	Martn Htzel Escard	\N	\N	\N	'escard':3A 'htzel':2A 'martn':1A
130	Javier Esparza	\N	\N	\N	'esparza':2A 'javier':1A
131	Jos Esprito Santo	jes@math.uminho.pt	Universidade do Minho, Portugal	Portuguese	'esprito':2A 'jos':1A 'minho':6C 'portug':7C 'portugues':8C 'santo':3A 'universidad':4C
132	Kousha Etessami	http://www.inf.ed.ac.uk/people/staff/Kousha_Etessami.html	LFCS	\N	'etessami':2A 'kousha':1A 'lfcs':3C
133	Emanuela Fachini	\N	\N	\N	'emanuela':1A 'fachini':2A
134	Matt Fairtlough	\N	\N	\N	'fairtlough':2A 'matt':1A
135	Samuel Falconer	\N	\N	British	'british':3C 'falcon':2A 'samuel':1A
136	Wenfei Fan	http://www.inf.ed.ac.uk/people/staff/Wenfei_Fan.html	LFCS	Chinese	'chines':4C 'fan':2A 'lfcs':3C 'wenfei':1A
137	Icelandic Fannberg	\N	\N	\N	'fannberg':2A 'iceland':1A
138	Jorge Farrs-Casals	jordi_farres_casals@yahoo.it	European Space Agency, Frascati	Catalonian	'agenc':6C 'casal':3A 'catalonian':8C 'european':4C 'farr':2A 'frascati':7C 'jorg':1A 'space':5C
139	Hadi Daneshva Farzenegan	http://www.inf.ed.ac.uk/people/students/Sayed_Daneshvar_Farzanegan.html	LFCS	Iranian	'daneshva':2A 'farzenegan':3A 'hadi':1A 'iranian':5C 'lfcs':4C
140	Stefan Fehrenbach	http://www.inf.ed.ac.uk/people/students/Stefan_Fehrenbach.html	LFCS	\N	'fehrenbach':2A 'lfcs':3C 'stefan':1A
141	Massimo Felici	\N	Works at HP Labs in Bristol now	Italian	'bristol':8C 'felici':2A 'hp':5C 'italian':9C 'lab':6C 'massimo':1A 'work':3C
142	Cheng Feng	http://www.inf.ed.ac.uk/people/students/Cheng_Feng.html	LFCS	\N	'cheng':1A 'feng':2A 'lfcs':3C
143	Diego Figueira	\N	CNRS, U Bordeaux	\N	'bordeaux':5C 'cnrs':3C 'diego':1A 'figueira':2A 'u':4C
144	Morna Findlay	\N	\N	British	'british':3C 'findlay':2A 'morna':1A
145	Simon Finn	\N	\N	\N	'finn':2A 'simon':1A
146	Marcelo P Fiore	\N	Reader University of Cambridge	Russian	'cambridg':7C 'fior':3A 'marcelo':1A 'p':2A 'reader':4C 'russian':8C 'univers':5C
147	Fedor Fomenko	\N	\N	\N	'fedor':1A 'fomenko':2A
148	Eirini Fountoulaki	\N	\N	\N	'eirini':1A 'fountoulaki':2A
149	Mike Fourman	http://www.inf.ed.ac.uk/people/staff/Michael_Fourman.html	LFCS	\N	'fourman':2A 'lfcs':3C 'mike':1A
150	Simon Fowler	https://www.inf.ed.ac.uk/people/students/Simon_Fowler.html	LFCS	\N	'fowler':2A 'lfcs':3C 'simon':1A
151	Nadime Francis	https://www.inf.ed.ac.uk/people/staff/Nadime_Francis.html	LFCS	\N	'franci':2A 'lfcs':3C 'nadim':1A
152	Daniel Franzen	http://www.inf.ed.ac.uk/people/students/Daniel_Franzen.html	LFCS	\N	'daniel':1A 'franzen':2A 'lfcs':3C
153	James Frew	\N	\N	\N	'frew':2A 'jame':1A
154	Alan Frieze	\N	\N	\N	'alan':1A 'friez':2A
155	Sibylle Froeschle	\N	\N	German	'froeschl':2A 'german':3C 'sibyll':1A
156	Weili Fu	http://www.inf.ed.ac.uk/people/students/Weili_Fu.html	LFCS	\N	'fu':2A 'lfcs':3C 'weili':1A
157	Carsten Fhrmann	\N	\N	\N	'carsten':1A 'fhrmann':2A
158	Vashti Galpin	http://www.inf.ed.ac.uk/people/staff/Vashti_Galpin.html	LFCS	South African	'african':5C 'galpin':2A 'lfcs':3C 'south':4C 'vashti':1A
159	Philippa Gardner	\N	Professor at Imperial College	British	'british':7C 'colleg':6C 'gardner':2A 'imperi':5C 'philippa':1A 'professor':3C
160	Ilias Garnier	http://www.inf.ed.ac.uk/people/staff/Ilias_Garnier.html	\N	\N	'garnier':2A 'ilia':1A
161	Floris Geerts	http://www.inf.ed.ac.uk/people/staff/Floris_Geerts.html	\N	\N	'flori':1A 'geert':2A
162	Nil Geisweiller	\N	\N	Swiss	'geisweil':2A 'nil':1A 'swiss':3C
163	Anastasios Georgoulas	http://www.inf.ed.ac.uk/people/students/Anastasios_Georgoulas.html	LFCS	\N	'anastasio':1A 'georgoula':2A 'lfcs':3C
164	Nargess Ghahremani-Azghandi	http://www.inf.ed.ac.uk/people/students/Nargess_Ghahremani-Azghand.html	\N	\N	'azghandi':3A 'ghahremani':2A 'nargess':1A
165	Neil Ghani	https://personal.cis.strath.ac.uk/neil.ghani/	Professor at Strathclyde University	\N	'ghani':2A 'neil':1A 'professor':3C 'strathclyd':5C 'univers':6C
166	Amelie Gheerbrant	http://www.inf.ed.ac.uk/people/staff/Amelie_Gheerbrant.html	mdc at Paris-7	\N	'7':6C 'ameli':1A 'gheerbrant':2A 'mdc':3C 'pari':5C
167	Alexandru Gheorghiu	http://www.inf.ed.ac.uk/people/students/Alexandru_Gheorghiu.html	LFCS	\N	'alexandru':1A 'gheorghiu':2A 'lfcs':3C
168	Abhirup Ghosh	https://www.inf.ed.ac.uk/people/students/Abhirup_Ghosh.html	LFCS	\N	'abhirup':1A 'ghosh':2A 'lfcs':3C
169	Stephen Gilmore	http://www.inf.ed.ac.uk/people/staff/Stephen_Gilmore.html	LFCS	\N	'gilmor':2A 'lfcs':3C 'stephen':1A
170	Rob van Glabbeek	\N	\N	Dutch	'dutch':4C 'glabbeek':3A 'rob':1A 'van':2A
171	Tomasz Gogacz	http://www.inf.ed.ac.uk/people/staff/Tomasz_Gogacz.html	LFCS	\N	'gogacz':2A 'lfcs':3C 'tomasz':1A
172	Healfdene Goguen	\N	Works for Google in the US	American	'american':9C 'goguen':2A 'googl':5C 'healfden':1A 'us':8C 'work':3C
173	Paul Goldberg	\N	Professor at University of Oxford	British	'british':8C 'goldberg':2A 'oxford':7C 'paul':1A 'professor':3C 'univers':5C
174	Leslie Ann Goldberg (nee Henderson)	\N	Professor at University of Oxford	American	'american':11C 'ann':2A 'goldberg':3A 'henderson':5A 'lesli':1A 'nee':4A 'oxford':10C 'professor':6C 'univers':8C
175	Kees Goossens	\N	\N	Dutch	'dutch':3C 'goossen':2A 'kee':1A
176	Andrew D. Gordon	http://www.inf.ed.ac.uk/people/staff/Andrew_Gordon.html	LFCS	\N	'andrew':1A 'd':2A 'gordon':3A 'lfcs':4C
177	Robert Gordon	\N	\N	\N	'gordon':2A 'robert':1A
178	Vivek Gore	\N	CNSI	\N	'cnsi':3C 'gore':2A 'vivek':1A
179	Antonio Grau	\N	\N	\N	'antonio':1A 'grau':2A
180	Timothy Griffin	\N	\N	American	'american':3C 'griffin':2A 'timothi':1A
181	Jan Frisco Groote	\N	\N	\N	'frisco':2A 'groot':3A 'jan':1A
182	Christian Gruen	\N	\N	\N	'christian':1A 'gruen':2A
183	Paolo Guagilardo	\N	LFCS	\N	'guagilardo':2A 'lfcs':3C 'paolo':1A
184	Maria Luisa Guerriero	http//www.inf.ed.ac.uk/people/staff/Maria_Luisa_Guerriero.html	\N	\N	'guerriero':3A 'luisa':2A 'maria':1A
185	Qianghui Guo	\N	\N	\N	'guo':2A 'qianghui':1A
186	Corin Gurr	\N	\N	\N	'corin':1A 'gurr':2A
187	Douglas Gurr	\N	Vice-President of Amazon UK	\N	'amazon':6C 'dougla':1A 'gurr':2A 'presid':4C 'uk':7C 'vice':3C
188	Julian Gutierrez	https://www.cs.ox.ac.uk/people/julian.gutierrez/	Departmental Lecturer at Oxford University	Colombia	'colombia':8C 'department':3C 'gutierrez':2A 'julian':1A 'lectur':4C 'oxford':6C 'univers':7C
189	Valentin Haenel	\N	\N	\N	'haenel':2A 'valentin':1A
190	Tatsuya Hagino	\N	\N	Japanese	'hagino':2A 'japanes':3C 'tatsuya':1A
191	Joseph Hallett	http://www.inf.ed.ac.uk/people/students/Joseph_Hallett.html	\N	\N	'hallett':2A 'joseph':1A
192	Peter Hancock	\N	\N	British	'british':3C 'hancock':2A 'peter':1A
193	Jo Erskine Hannay	\N	\N	Norwegian	'erskin':2A 'hannay':3A 'jo':1A 'norwegian':4C
194	David Harel	\N	\N	Israeli	'david':1A 'harel':2A 'isra':3C
195	James Harland	http://goanna.cs.rmit.edu.au/~jah/	Associate Professor, RMIT, Melbourne	\N	'associ':3C 'harland':2A 'jame':1A 'melbourn':6C 'professor':4C 'rmit':5C
196	Bob Harper	\N	\N	American	'american':3C 'bob':1A 'harper':2A
197	Dyane Harvey	http://www.inf.ed.ac.uk/people/staff/Dyane_Harvey.html	\N	\N	'dyan':1A 'harvey':2A
198	Masahito Hasegawa	http://www.kurims.kyoto-u.ac.jp/~hassei/	Professor, RIMS, Kyoto University	Japanese	'hasegawa':2A 'japanes':7C 'kyoto':5C 'masahito':1A 'professor':3C 'rim':4C 'univers':6C
199	John Hawkins	\N	\N	\N	'hawkin':2A 'john':1A
200	Susumu Hayashi	\N	\N	Japanese	'hayashi':2A 'japanes':3C 'susumu':1A
201	Jiansen He	\N	\N	\N	'jiansen':1A
202	Yuguo He	\N	\N	\N	'yuguo':1A
203	Willem Heijltjes	\N	\N	Dutch	'dutch':3C 'heijltj':2A 'willem':1A
204	Tobias Heindel	http://www.inf.ed.ac.uk/people/staff/Tobias_Heindel.html	\N	\N	'heindel':2A 'tobia':1A
205	Matthew Hennessey	\N	Trinity College Dublin	British	'british':6C 'colleg':4C 'dublin':5C 'hennessey':2A 'matthew':1A 'triniti':3C
206	Claudio Hermida	\N	\N	\N	'claudio':1A 'hermida':2A
207	Avril Heron	http://www.inf.ed.ac.uk/people/staff/Avril_Heron.html	\N	\N	'avril':1A 'heron':2A
208	Chris Heunen	http://www.inf.ed.ac.uk/people/staff/Chris_Heunen.html	LFCS	\N	'chris':1A 'heunen':2A 'lfcs':3C
209	Jane Hillston	http://www.inf.ed.ac.uk/people/staff/Jane_Hillston.html	LFCS	\N	'hillston':2A 'jane':1A 'lfcs':3C
210	Yoram Hirshfeld	\N	\N	Israeli	'hirshfeld':2A 'isra':3C 'yoram':1A
211	Kate Ho	\N	\N	\N	'ho':2A 'kate':1A
212	Joshua Hodas	\N	\N	\N	'hoda':2A 'joshua':1A
213	Martin Hofmann	https://www.tcs.ifi.lmu.de/people/martin-hofmann	Professor, LMU Munich	German	'german':6C 'hofmann':2A 'lmu':4C 'martin':1A 'munich':5C 'professor':3C
214	Ricardo Honorato	https://www.inf.ed.ac.uk/people/staff/Ricardo_Honorato_Zimmer.html	LFCS	\N	'honorato':2A 'lfcs':3C 'ricardo':1A
215	Furio Honsell	\N	\N	Italian	'furio':1A 'honsel':2A 'italian':3C
216	Linda Hope	http://www.inf.ed.ac.uk/people/staff/Linda_Hope.html	\N	\N	'hope':2A 'linda':1A
217	Jincair Huang	http://cn.linkedin.com/pub/jincai-huang-apple/1b/2b0/17	\N	\N	'huang':2A 'jincair':1A
218	Ruizhe Huang	http://www.inf.ed.ac.uk/people/students/Ruizhe_Huang.html	LFCS	\N	'huang':2A 'lfcs':3C 'ruizh':1A
219	DeLesley Hutchins	\N	\N	American	'american':3C 'delesley':1A 'hutchin':2A
220	Robert Hutchison	\N	\N	\N	'hutchison':2A 'robert':1A
221	Hans Httel	\N	Associate Professor at Aalborg University	Danish	'aalborg':6C 'associ':3C 'danish':8C 'han':1A 'httel':2A 'professor':4C 'univers':7C
222	Martin Illsley	\N	\N	\N	'illsley':2A 'martin':1A
223	Paul Jackson	http://www.inf.ed.ac.uk/people/staff/Paul_Jackson.html	LFCS	American	'american':4C 'jackson':2A 'lfcs':3C 'paul':1A
224	Mateja Jamnik	\N	\N	\N	'jamnik':2A 'mateja':1A
225	Petr Jancar	\N	\N	\N	'jancar':2A 'petr':1A
226	Maurice Jansen	http://www.inf.ed.ac.uk/people/staff/Maurice_Jansen.html	\N	\N	'jansen':2A 'mauric':1A
227	Shayan Najd Javadipour	\N	\N	\N	'javadipour':3A 'najd':2A 'shayan':1A
228	C Barry Jay	\N	\N	Australian	'australian':4C 'barri':2A 'c':1A 'jay':3A
229	Mark Jerrum	\N	\N	\N	'jerrum':2A 'mark':1A
230	Xibei Jia	\N	\N	Chinese	'chines':3C 'jia':2A 'xibei':1A
231	Pedro Diaz Jimenez	\N	\N	\N	'diaz':2A 'jimenez':3A 'pedro':1A
232	Magnus Johansson	\N	\N	\N	'johansson':2A 'magnus':1A
233	Claire Jones	\N	Deceased	British	'british':4C 'clair':1A 'deceas':3C 'jone':2A
234	Khush Joshi	http://www.inf.ed.ac.uk/people/staff/Khushaal_Joshi.html	\N	\N	'joshi':2A 'khush':1A
235	Natthapong Jungteerapanich	\N	\N	\N	'jungteerapanich':2A 'natthapong':1A
236	Mike  Just	\N	\N	Canadian	'canadian':2C 'mike':1A
237	Mike Just	http://justmikejust.wordpress.com/	Heriot-Watt University	British	'british':5C 'heriot':2C 'mike':1A 'univers':4C 'watt':3C
238	Saif Ullah Kahn	\N	\N	\N	'kahn':3A 'saif':1A 'ullah':2A
239	Stefan Kahrs	\N	LFCS	\N	'kahr':2A 'lfcs':3C 'stefan':1A
240	Roope Kaivola	\N	\N	\N	'kaivola':2A 'roop':1A
241	Kyriakos Kalorkoti	http://www.inf.ed.ac.uk/people/staff/Kyriakos_Kalorkoti.html	LFCS	\N	'kalorkoti':2A 'kyriako':1A 'lfcs':3C
242	Ohad Kammar	http://www.cs.ox.ac.uk/people/ohad.kammar/	University of Oxford	Israeli	'isra':6C 'kammar':2A 'ohad':1A 'oxford':5C 'univers':3C
243	Kyota Kanno	\N	\N	\N	'kanno':2A 'kyota':1A
244	Marc Kaplan	https://www.inf.ed.ac.uk/people/staff/Marc_Kaplan.html	LFCS	\N	'kaplan':2A 'lfcs':3C 'marc':1A
245	Theodoros Kapourniotis	http://www.inf.ed.ac.uk/people/students/Theodoros_Kapourniotis.html	LFCS	\N	'kapournioti':2A 'lfcs':3C 'theodoro':1A
246	Martti Karvonen	http://www.inf.ed.ac.uk/people/students/Martti_Karvonen.html	LFCS	\N	'karvonen':2A 'lfcs':3C 'martti':1A
434	Andreas Schettini	\N	\N	\N	'andrea':1A 'schettini':2A
247	Elham Kashefi	http://www.inf.ed.ac.uk/people/staff/Elham_Kashefi.html	LFCS	\N	'elham':1A 'kashefi':2A 'lfcs':3C
248	Panagiota Katsikouli	http://www.inf.ed.ac.uk/people/students/Panagiota_Katsikouli.html	LFCS	\N	'katsikouli':2A 'lfcs':3C 'panagiota':1A
249	Shin-ya Katsumata	http://www.kurims.kyoto-u.ac.jp/~sinya/index-e.html	RIMS, Kyoto University	Japanese	'japanes':7C 'katsumata':3A 'kyoto':5C 'rim':4C 'shin':1A 'univers':6C 'ya':2A
250	Benedict Kavanagh	http://www.inf.ed.ac.uk/people/students/Benedict_Kavanagh.html	LFCS	American	'american':4C 'benedict':1A 'kavanagh':2A 'lfcs':3C
251	Edmund Kazmierczak	\N	\N	Tasmanian	'edmund':1A 'kazmierczak':2A 'tasmanian':3C
252	Gavin Keighren	\N	\N	\N	'gavin':1A 'keighren':2A
253	James Kelly	\N	\N	\N	'jame':1A 'kelli':2A
254	Anastasios Kementsietsidis	\N	\N	\N	'anastasio':1A 'kementsietsidi':2A
255	Eleanor Kerse	\N	\N	\N	'eleanor':1A 'kers':2A
256	Jussi Ketonen	\N	\N	\N	'jussi':1A 'ketonen':2A
257	Roni Khardon	\N	\N	American	'american':3C 'khardon':2A 'roni':1A
258	Aggelos Kiayias	\N	LFCS	\N	'aggelo':1A 'kiayia':2A 'lfcs':3C
259	Marco Kick	\N	\N	German	'german':3C 'kick':2A 'marco':1A
260	Yunhyong Kim	\N	\N	\N	'kim':2A 'yunhyong':1A
261	Yoshiki Kinoshita	\N	\N	Japanese	'japanes':3C 'kinoshita':2A 'yoshiki':1A
262	Aggelos Kiyias	https://www.inf.ed.ac.uk/people/staff/Aggelos_Kiayias.html	\N	\N	'aggelo':1A 'kiyia':2A
263	Zeliha D Krl	\N	Research Fellow at CMU	Turkish	'cmu':7C 'd':2A 'fellow':5C 'krl':3A 'research':4C 'turkish':8C 'zeliha':1A
264	Ben Kleinman	\N	IP Litigation Associate, Kilpatrick Townsend & Stockton LLP	American	'american':10C 'associ':5C 'ben':1A 'ip':3C 'kilpatrick':6C 'kleinman':2A 'litig':4C 'llp':9C 'stockton':8C 'townsend':7C
265	Thomas Kleymann	\N	\N	German	'german':3C 'kleymann':2A 'thoma':1A
266	Bartek Klin	\N	\N	Polish	'bartek':1A 'klin':2A 'polish':3C
267	Leila Kloul	\N	\N	Tunisian	'kloul':2A 'leila':1A 'tunisian':3C
268	Andreas Knobel	\N	\N	\N	'andrea':1A 'knobel':2A
269	Konstantin Knorr	\N	\N	\N	'knorr':2A 'konstantin':1A
270	Christoph Koch	\N	\N	\N	'christoph':1A 'koch':2A
271	Ioannis Koltsidas	\N	IBM Research	\N	'ibm':3C 'ioanni':1A 'koltsida':2A 'research':4C
272	Ekaterina Komendantskaya	\N	\N	\N	'ekaterina':1A 'komendantskaya':2A
273	Michal Konecny	\N	\N	Polish	'konecni':2A 'michal':1A 'polish':3C
274	Laura Korte	\N	\N	\N	'kort':2A 'laura':1A
275	Egor Kostylev	http://www.inf.ed.ac.uk/people/staff/Egor_Kostylev.html	\N	\N	'egor':1A 'kostylev':2A
276	Emmanouil Koukoutos	\N	\N	\N	'emmanouil':1A 'koukouto':2A
277	Konstantinos Krikellas	\N	Google, Mountain View	Greek	'googl':3C 'greek':6C 'konstantino':1A 'krikella':2A 'mountain':4C 'view':5C
278	Liiva Kristjan	\N	\N	\N	'kristjan':2A 'liiva':1A
279	Juliana Kuester-Filipe	\N	\N	\N	'filip':3A 'juliana':1A 'kuester':2A
280	Marek Kwiatkowski	http://mareklab.org/	Independent consultant, Neuchtel, Switzerland	Polish	'consult':4C 'independ':3C 'kwiatkowski':2A 'marek':1A 'neuchtel':5C 'polish':7C 'switzerland':6C
281	James David Laird	\N	\N	\N	'david':2A 'jame':1A 'laird':3A
282	Martin Lange	\N	\N	German	'german':3C 'lang':2A 'martin':1A
283	Laurent Langlois	\N	\N	\N	'langloi':2A 'laurent':1A
284	Kim Larsen	\N	Professor at Aarhus	\N	'aarhus':5C 'kim':1A 'larsen':2A 'professor':3C
285	Thierry Le Sergent	\N	\N	\N	'le':2A 'sergent':3A 'thierri':1A
286	Katey Lee	http://www.inf.ed.ac.uk/people/staff/Katey_Lee.html	\N	\N	'katey':1A 'lee':2A
287	Fiona Lees	http://www.inf.ed.ac.uk/people/staff/Fiona_Lees.html	\N	\N	'fiona':1A 'lee':2A
288	Karoliina Lehtinen	http://www.inf.ed.ac.uk/people/students/Maria_Lehtinen.html	LFCS	\N	'karoliina':1A 'lehtinen':2A 'lfcs':3C
289	Monika Lekuse	\N	\N	\N	'lekus':2A 'monika':1A
290	Christian Lengauer	\N	\N	\N	'christian':1A 'lengauer':2A
291	Marina Lenisa	\N	\N	\N	'lenisa':2A 'marina':1A
292	Leonid Libkin	http://www.inf.ed.ac.uk/people/staff/Leonid_Libkin.html	LFCS	\N	'leonid':1A 'lfcs':3C 'libkin':2A
293	Krisjan Lilva	http://www.inf.ed.ac.uk/people/students/Kristjan_Liiva.html	LFCS	\N	'krisjan':1A 'lfcs':3C 'lilva':2A
295	Huimin Lin	\N	\N	\N	'huimin':1A 'lin':2A
296	Sam Lindley	https://www.inf.ed.ac.uk/people/staff/Samuel_Lindley.html	LFCS	British	'british':4C 'lfcs':3C 'lindley':2A 'sam':1A
297	Budi H Ling	\N	\N	\N	'budi':1A 'h':2A 'ling':3A
298	Ralph Loader	\N	\N	\N	'loader':2A 'ralph':1A
299	John Longley	http://www.inf.ed.ac.uk/people/staff/John_Longley.html	LFCS	\N	'john':1A 'lfcs':3C 'longley':2A
300	Ludovica Luisa Vissat	https://www.inf.ed.ac.uk/people/students/Ludovica_Luisa_Vissat.html	LFCS	\N	'lfcs':4C 'ludovica':1A 'luisa':2A 'vissat':3A
301	Jizhou Luo	http://www.inf.ed.ac.uk/people/staff/Jizhou_Luo.html	\N	\N	'jizhou':1A 'luo':2A
302	Zhaohui Luo	\N	\N	\N	'luo':2A 'zhaohui':1A
303	Christoph Lth	http://www.informatik.uni-bremen.de/~cxl/	Professor, Univ Bremen	\N	'bremen':5C 'christoph':1A 'lth':2A 'professor':3C 'univ':4C
304	Lisha Ma	\N	\N	\N	'lisha':1A 'ma':2A
305	Shuai Ma	\N	\N	\N	'ma':2A 'shuai':1A
306	Tiejun Ma	\N	Works as a Lecturer at the University of Southampton in the Management School	\N	'lectur':6C 'ma':2A 'manag':14C 'school':15C 'southampton':11C 'tiejun':1A 'univers':9C 'work':3C
308	Patricia D L Machado	\N	\N	\N	'd':2A 'l':3A 'machado':4A 'patricia':1A
309	Kenneth MacKenzie	http://www.inf.ed.ac.uk/people/staff/Kenneth_MacKenzie.html	\N	\N	'kenneth':1A 'mackenzi':2A
310	David MacQueen	\N	\N	\N	'david':1A 'macqueen':2A
307	Mark MacGillivray	http://www.inf.ed.ac.uk/people/students/Mark_MacGillivray.html	LFCS	None	'lfcs':3C 'macgillivray':2A 'mark':1A 'none':4C
312	Savitri Maharaj	\N	Senior Lecture at the University of Stirling	Trinidad and Tobago	'lectur':4C 'maharaj':2A 'savitri':1A 'senior':3C 'stirl':9C 'tobago':12C 'trinidad':10C 'univers':7C
313	Arshad Mahmood	\N	\N	\N	'arshad':1A 'mahmood':2A
314	Monika Maidl	\N	\N	German	'german':3C 'maidl':2A 'monika':1A
315	Patrick Maier	\N	\N	\N	'maier':2A 'patrick':1A
316	Joanne Mair	http://www.inf.ed.ac.uk/people/staff/Joanne_Mair.html	\N	\N	'joann':1A 'mair':2A
317	Ranajit Majumder	\N	\N	\N	'majumd':2A 'ranajit':1A
318	Savvas Makalias	\N	Amadeus	Greek	'amadeus':3C 'greek':4C 'makalia':2A 'savva':1A
319	Sebastian Maneth	http://www.inf.ed.ac.uk/people/staff/Sebastian_Maneth.html	LFCS	\N	'lfcs':3C 'maneth':2A 'sebastian':1A
320	Damian Markham	http://www.infres.enst.fr/~markham/index.html	\N	\N	'damian':1A 'markham':2A
321	Ursula Martin	\N	\N	\N	'martin':2A 'ursula':1A
322	Thierry Martinez	\N	\N	\N	'martinez':2A 'thierri':1A
323	Ian Mason	\N	\N	Australian	'australian':3C 'ian':1A 'mason':2A
324	David C J Matthews	\N	\N	\N	'c':2A 'david':1A 'j':3A 'matthew':4A
325	James Matthews	\N	\N	\N	'jame':1A 'matthew':2A
326	Sarah Mayne	http://www.inf.ed.ac.uk/people/staff/Sarah_Mayne.html	\N	\N	'mayn':2A 'sarah':1A
327	Richard Mayr	http://www.inf.ed.ac.uk/people/staff/Richard_Mayr.html	LFCS	German	'german':4C 'lfcs':3C 'mayr':2A 'richard':1A
328	Magdalena Mazurczak	http://www.inf.ed.ac.uk/people/staff/Magdalena_Mazurczak.html	\N	Polish	'magdalena':1A 'mazurczak':2A 'polish':3C
329	Bruce J McAdam	\N	\N	\N	'bruce':1A 'j':2A 'mcadam':3A
330	Conor McBride	http://www.cis.strath.ac.uk/cis/staff/index.php?uid=conor	\N	\N	'conor':1A 'mcbride':2A
331	David McCarty	\N	\N	\N	'david':1A 'mccarti':2A
332	Mags McGinley	\N	\N	\N	'mag':1A 'mcginley':2A
333	Margaret McGinley	\N	\N	\N	'margaret':1A 'mcginley':2A
334	Sally McGregor	http://www.inf.ed.ac.uk/people/staff/Sally_McGregor.html	\N	\N	'mcgregor':2A 'salli':1A
335	Dorothy McKie	\N	\N	\N	'dorothi':1A 'mckie':2A
336	James McKinna	http://www.inf.ed.ac.uk/people/staff/James_McKinna.html	LFCS	British	'british':4C 'jame':1A 'lfcs':3C 'mckinna':2A
337	Craig McLaughlin	https://www.inf.ed.ac.uk/people/students/Craig_McLaughlin.html	LFCS	\N	'craig':1A 'lfcs':3C 'mclaughlin':2A
338	Carrie McNamee	http://www.inf.ed.ac.uk/people/staff/Carrie_McNamee.html	LFCS	\N	'carri':1A 'lfcs':3C 'mcname':2A
339	Michael Mendler	mendler@fmi.uni-passau.de	\N	German	'german':3C 'mendler':2A 'michael':1A
340	Matias Menni	\N	\N	\N	'matia':1A 'menni':2A
341	Alex Mifsud	\N	\N	\N	'alex':1A 'mifsud':2A
342	Dimitris Milios	http://www.inf.ed.ac.uk/people/students/Dimitris_Milios.html	\N	\N	'dimitri':1A 'milio':2A
343	Dale Miller	\N	\N	\N	'dale':1A 'miller':2A
344	Mark Millington	\N	\N	\N	'mark':1A 'millington':2A
345	Daniel Mills	https://www.inf.ed.ac.uk/people/students/Daniel_Mills.html	LFCS	\N	'daniel':1A 'lfcs':3C 'mill':2A
346	Robin Milner	\N	Deceased	\N	'deceas':3C 'milner':2A 'robin':1A
347	Matteo Mio	\N	\N	\N	'matteo':1A 'mio':2A
348	John Mitchell	\N	\N	\N	'john':1A 'mitchel':2A
349	Kevin Mitchell	\N	\N	\N	'kevin':1A 'mitchel':2A
350	Isi Mitrani	\N	\N	\N	'isi':1A 'mitrani':2A
351	Rasmus Mogelberg	\N	\N	Danish	'danish':3C 'mogelberg':2A 'rasmus':1A
352	Eugenio Moggi	\N	Professor at Genova University	Italian	'eugenio':1A 'genova':5C 'italian':7C 'moggi':2A 'professor':3C 'univers':6C
353	Faron Moller	\N	Professor at Swansea University	\N	'faron':1A 'moller':2A 'professor':3C 'swansea':5C 'univers':6C
354	Michael Molloy	\N	\N	\N	'michael':1A 'molloy':2A
355	Alberto Momigliano	http://www.inf.ed.ac.uk/people/staff/Alberto_Momigliano.html	\N	Italian	'alberto':1A 'italian':3C 'momigliano':2A
356	Alvaro F Moreira	\N	\N	\N	'alvaro':1A 'f':2A 'moreira':3A
357	Tomoyuki Morimae	\N	\N	\N	'morima':2A 'tomoyuki':1A
358	Matthew Morley	\N	\N	\N	'matthew':1A 'morley':2A
359	Garrett Morris	http://www.inf.ed.ac.uk/people/staff/John_Morris.html	LFCS	\N	'garrett':1A 'lfcs':3C 'morri':2A
360	Heiko Mueller	http://www.inf.ed.ac.uk/people/staff/Heiko_Mueller.html	\N	\N	'heiko':1A 'mueller':2A
361	Philip Mulry	\N	\N	\N	'mulri':2A 'philip':1A
362	Filip Murlak	\N	assistant professor, University of Warsaw	\N	'assist':3C 'filip':1A 'murlak':2A 'professor':4C 'univers':5C 'warsaw':7C
363	Elaine Murphy	http://www.inf.ed.ac.uk/people/students/Elaine_Murphy.html	\N	\N	'elain':1A 'murphi':2A
364	Luka Music	\N	LFCS	\N	'lfcs':3C 'luka':1A 'music':2A
365	Fabian Nagel	http://www.inf.ed.ac.uk/people/students/Fabian_Nagel.html	Amazon Web Services	\N	'amazon':3C 'fabian':1A 'nagel':2A 'servic':5C 'web':4C
366	Shayan Najd	http://www.inf.ed.ac.uk/people/students/Shayan_Najd_Javadipour.html	LFCS	\N	'lfcs':3C 'najd':2A 'shayan':1A
367	Vladimir Nikishkin	http://www.inf.ed.ac.uk/people/students/Vladimir_Nikishkin.html	LFCS	\N	'lfcs':3C 'nikishkin':2A 'vladimir':1A
368	Uchenna Nnabuko	http://www.inf.ed.ac.uk/people/students/Uchenna_Nnabuko.html	LFCS	\N	'lfcs':3C 'nnabuko':2A 'uchenna':1A
369	Adel Noureddine	http://www.inf.ed.ac.uk/people/staff/Adel_Noureddine.html	\N	\N	'adel':1A 'noureddin':2A
370	Nicholas OShea	\N	Working for Microsoft Redmond (Seattle)	\N	'microsoft':6C 'nichola':1A 'o':2A 'redmond':7C 'seattl':8C 'shea':3A 'work':4C
371	Jan Obdrzalek	\N	\N	Czech	'czech':3C 'jan':1A 'obdrzalek':2A
372	Christian-Emil Ore	\N	\N	\N	'christian':1A 'emil':2A 'ore':3A
373	Bill Orrok	\N	retired	\N	'bill':1A 'orrok':2A 'retir':3C
374	Samantha Osmer	\N	\N	\N	'osmer':2A 'samantha':1A
375	Nicholas Oury	http://www.inf.ed.ac.uk/people/staff/Nicholas_Oury.html	\N	\N	'nichola':1A 'ouri':2A
376	Christopher Owens	\N	\N	\N	'christoph':1A 'owen':2A
377	Pawel Paczkowski	\N	\N	Polish	'paczkowski':2A 'pawel':1A 'polish':3C
378	Anna Pappa	http://www.inf.ed.ac.uk/people/staff/Anna_Pappa.html	LFCS	\N	'anna':1A 'lfcs':3C 'pappa':2A
379	David Park	\N	\N	\N	'david':1A 'park':2A
380	Joachim Parrow	\N	\N	Swedish	'joachim':1A 'parrow':2A 'swedish':3C
381	Hristiana Pashkuleva	\N	\N	\N	'hristiana':1A 'pashkuleva':2A
382	Grant Olney Passmore	http://www.aestheticintegration.com	Cofounder of Aesthetic Integration, Ltd. (formal verification startup), and Life Member, Clare Hall, Cambridge University	American	'aesthet':6C 'american':19C 'cambridg':17C 'clare':15C 'cofound':4C 'formal':9C 'grant':1A 'hall':16C 'integr':7C 'life':13C 'ltd':8C 'member':14C 'olney':2A 'passmor':3A 'startup':11C 'univers':18C 'verif':10C
383	Rick Paul	\N	\N	\N	'paul':2A 'rick':1A
384	Chrystalla Pavlou	https://www.inf.ed.ac.uk/people/students/Chrystalla_Pavlou.html	LFCS	\N	'chrystalla':1A 'lfcs':3C 'pavlou':2A
385	Alan Paxton	\N	\N	British	'alan':1A 'british':3C 'paxton':2A
386	Michael Pedersen	http://www.mydodl.com	Founder of Dodl Ltd	Danish	'danish':7C 'dodl':5C 'founder':3C 'ltd':6C 'michael':1A 'pedersen':2A
387	Eloina Pelaez	\N	\N	\N	'eloina':1A 'pelaez':2A
388	Joanne Pennie	http://www.inf.ed.ac.uk/people/staff/Joanne_Pennie.html	\N	\N	'joann':1A 'penni':2A
389	Roland Perera	http://www.inf.ed.ac.uk/people/staff/Roland_Perera.html	LFCS	\N	'lfcs':3C 'perera':2A 'roland':1A
390	Suzanne Perry	\N	\N	\N	'perri':2A 'suzann':1A
391	Fabian Peternek	http://www.inf.ed.ac.uk/people/students/Fabian_Peternek.html	LFCS	\N	'fabian':1A 'lfcs':3C 'peternek':2A
392	Marius Petria	mariuspyah@yahoo.com	Adobe, Bucharest	Romanian	'adob':3C 'bucharest':4C 'marius':1A 'petria':2A 'romanian':5C
393	Wesley Phoa	\N	\N	\N	'phoa':2A 'wesley':1A
394	Benjamin Pierce	\N	\N	American	'american':3C 'benjamin':1A 'pierc':2A
395	Paul Piho	https://www.inf.ed.ac.uk/people/students/Paul_Piho.html	LFCS	\N	'lfcs':3C 'paul':1A 'piho':2A
396	Einar Pius	http://www.ph.ed.ac.uk/people/einar-pius	\N	\N	'einar':1A 'pius':2A
397	Gordon Plotkin	http://www.inf.ed.ac.uk/people/staff/Gordon_Plotkin.html	LFCS	\N	'gordon':1A 'lfcs':3C 'plotkin':2A
398	Antonella Poggi	\N	assistant professor, U Rome La Sapienza	\N	'antonella':1A 'assist':3C 'la':7C 'poggi':2A 'professor':4C 'rome':6C 'sapienza':8C 'u':5C
399	Randy Pollack	http://homepages.inf.ed.ac.uk/rpollack/	Working as a Resarch Fellow at Harvard	American and British	'american':10C 'british':12C 'fellow':7C 'harvard':9C 'pollack':2A 'randi':1A 'resarch':6C 'work':3C
400	Alireza Pourranjbar	http://www.inf.ed.ac.uk/people/students/Alireza_Pourranjbar.html	\N	\N	'alireza':1A 'pourranjbar':2A
401	John Power	http://www.inf.ed.ac.uk/people/staff/John_Power.html	\N	Australian	'australian':3C 'john':1A 'power':2A
402	K.V.S. Prasad	\N	\N	\N	'k':1A 'prasad':4A 'v':2A
403	Matija Pretnar	\N	\N	\N	'matija':1A 'pretnar':2A
404	Matthew Prowse	\N	\N	\N	'matthew':1A 'prows':2A
405	David Pym	http://www0.cs.ucl.ac.uk/people/D.Pym.html	Professor at UCL, London	British	'british':7C 'david':1A 'london':6C 'professor':3C 'pym':2A 'ucl':5C
406	Sandra Quickert	http://www.inf.ed.ac.uk/people/staff/Sandra_Quickert.html	\N	German	'german':3C 'quickert':2A 'sandra':1A
407	Ajitha Rajan	http://www.inf.ed.ac.uk/people/staff/Ajitha_Rajan.html	LFCS	\N	'ajitha':1A 'lfcs':3C 'rajan':2A
408	Lars E Rasmussen	\N	\N	\N	'e':2A 'lar':1A 'rasmussen':3A
409	Joan Ratcliff	\N	\N	\N	'joan':1A 'ratcliff':2A
410	Sarah Reay	http://www.inf.ed.ac.uk/people/staff/Sarah_Reay.html	\N	\N	'reay':2A 'sarah':1A
411	Louise Redmonds	http://www.inf.ed.ac.uk/people/staff/Morag_Redmonds.html	\N	\N	'louis':1A 'redmond':2A
412	Sandrine Regiec	\N	\N	\N	'regiec':2A 'sandrin':1A
413	Horst Reichel	\N	\N	\N	'horst':1A 'reichel':2A
414	Daniel Reijsbergen	http://www.inf.ed.ac.uk/people/staff/Daniel_Reijsbergen.html	LFCS	Dutch	'daniel':1A 'dutch':4C 'lfcs':3C 'reijsbergen':2A
415	Juan Reutter	\N	Assistant professor at the Catholic Univeristy of Chile, Santiago	\N	'assist':3C 'cathol':7C 'chile':10C 'juan':1A 'professor':4C 'reutter':2A 'santiago':11C 'univeristi':8C
416	John Reynolds	\N	\N	American	'american':3C 'john':1A 'reynold':2A
417	Wilmer Ricciotti	http://www.inf.ed.ac.uk/people/staff/Wilmer_Ricciotti.html	\N	\N	'ricciotti':2A 'wilmer':1A
418	Laura Rich	http://www.inf.ed.ac.uk/people/staff/Laura_Rich.html	\N	\N	'laura':1A 'rich':2A
419	David Richardson	http://www.inf.ed.ac.uk/people/staff/David_Richardson.html	\N	\N	'david':1A 'richardson':2A
420	Thomas Ridge	\N	\N	\N	'ridg':2A 'thoma':1A
421	Brian Ritchie	\N	\N	\N	'brian':1A 'ritchi':2A
422	Dave Robertson	\N	\N	British	'british':3C 'dave':1A 'robertson':2A
423	Isabel C. Rojas	\N	Deceased.	\N	'c':2A 'deceas':4C 'isabel':1A 'roja':3A
424	Nick Rothwell	\N	\N	\N	'nick':1A 'rothwel':2A
425	Claudio Russo	research.microsoft.com/en-us/um/people/crusso/	Microsoft Research, Cambridge	Italian	'cambridg':5C 'claudio':1A 'italian':6C 'microsoft':3C 'research':4C 'russo':2A
426	David Rydeheard	\N	\N	British	'british':3C 'david':1A 'rydeheard':2A
427	Morteza Kheirkhah Sabetghadam	https://www.inf.ed.ac.uk/people/staff/Morteza_Kheirkhah_Sabetghadam.html	LFCS	\N	'kheirkhah':2A 'lfcs':4C 'morteza':1A 'sabetghadam':3A
428	Andras Salamon	http://www.inf.ed.ac.uk/people/staff/Andras_Salamon.html	\N	South African and Hungarian	'african':4C 'andra':1A 'hungarian':6C 'salamon':2A 'south':3C
429	Davide Sangiorgi	\N	Professor at Bologna University	Italian	'bologna':5C 'david':1A 'italian':7C 'professor':3C 'sangiorgi':2A 'univers':6C
430	Guido Sanguinetti	http://www.inf.ed.ac.uk/people/staff/Guido_Sanguinetti.html	\N	\N	'guido':1A 'sanguinetti':2A
431	Don Sannella	http://www.inf.ed.ac.uk/people/staff/Donald_Sannella.html	LFCS	\N	'lfcs':3C 'sannella':2A
432	Rahul Santhanam	http://www.inf.ed.ac.uk/people/staff/Rahul_Santhanam.html	Professor at Oxford	\N	'oxford':5C 'professor':3C 'rahul':1A 'santhanam':2A
433	Rik Sarkar	http://www.inf.ed.ac.uk/people/staff/Rik_Sarkar.html	LFCS	\N	'lfcs':3C 'rik':1A 'sarkar':2A
435	Pascal Schmitt	http://www.inf.ed.ac.uk/people/students/Pascal_Schmitt.html	\N	\N	'pascal':1A 'schmitt':2A
436	Matthias Schoeder	\N	\N	German	'german':3C 'matthia':1A 'schoeder':2A
437	Ulrich Schoepp	\N	LMU, Munich	German	'german':5C 'lmu':3C 'munich':4C 'schoepp':2A 'ulrich':1A
438	Oliver Schoett	\N	\N	German	'german':3C 'oliv':1A 'schoett':2A
439	Marc Scholl	\N	\N	\N	'marc':1A 'scholl':2A
440	Jirina Scholtzova	\N	\N	\N	'jirina':1A 'scholtzova':2A
441	Ulrich Schpp	\N	\N	\N	'schpp':2A 'ulrich':1A
442	Peter Schrammel	\N	\N	\N	'peter':1A 'schrammel':2A
443	Matthias Schroeder	\N	\N	\N	'matthia':1A 'schroeder':2A
444	Claus Schroeter	\N	\N	\N	'claus':1A 'schroeter':2A
445	Philip Scott	\N	\N	\N	'philip':1A 'scott':2A
446	Mohamed Nassim Seghir	http://www.inf.ed.ac.uk/people/staff/Mohamed_Seghir.html	LFCS	\N	'lfcs':4C 'moham':1A 'nassim':2A 'seghir':3A
447	Dilip Sequeira	\N	\N	\N	'dilip':1A 'sequeira':2A
448	Eliot Setzer	\N	\N	\N	'eliot':1A 'setzer':2A
449	Jaroslav Sevcik	\N	\N	\N	'jaroslav':1A 'sevcik':2A
450	Peter Sewel	\N	Professor in the Computer Laboratory at Cambridge University	\N	'cambridg':9C 'comput':6C 'laboratori':7C 'peter':1A 'professor':3C 'sewel':2A 'univers':10C
451	Peter Michael Sewell	\N	\N	\N	'michael':2A 'peter':1A 'sewel':3A
452	Subodh Sharma	\N	\N	\N	'sharma':2A 'subodh':1A
453	Daniel Sheridan	\N	\N	\N	'daniel':1A 'sheridan':2A
454	Alex Simpson	\N	Professor at the University of Lubijana	\N	'alex':1A 'lubijana':8C 'professor':3C 'simpson':2A 'univers':6C
455	Alistair Sinclair	\N	Professor at Berkeley	\N	'alistair':1A 'berkeley':5C 'professor':3C 'sinclair':2A
456	Cristina Sirangelo	\N	prof at U Paris-7	\N	'7':7C 'cristina':1A 'pari':6C 'prof':3C 'sirangelo':2A 'u':5C
457	Alan Smaill	http://www.inf.ed.ac.uk/people/staff/Alan_Smaill.html	\N	\N	'alan':1A 'smaill':2A
458	Michael James Andrew Smith	\N	Works for Adobe in San Francisco after two years as postdoc at DTU in Denmark	\N	'adob':7C 'andrew':3A 'denmark':19C 'dtu':17C 'francisco':10C 'jame':2A 'michael':1A 'postdoc':15C 'san':9C 'smith':4A 'two':12C 'work':5C 'year':13C
460	Stefan Sokolowski	\N	\N	\N	'sokolowski':2A 'stefan':1A
461	Jung-bae Son	\N	\N	\N	'bae':2A 'jung':1A 'son':3A
462	Gregory Sorkin	\N	\N	\N	'gregori':1A 'sorkin':2A
463	Joseph Spadavecchia	http://www.inf.ed.ac.uk/people/students/Joseph_Spadavecchia.html	\N	\N	'joseph':1A 'spadavecchia':2A
464	Hugh Stabler	\N	\N	\N	'hugh':1A 'stabler':2A
465	Ian Stark	http://www.inf.ed.ac.uk/people/staff/Ian_Stark.html	LFCS	\N	'ian':1A 'lfcs':3C 'stark':2A
466	Slawek Staworko	http://www.inf.ed.ac.uk/people/staff/Slawomir_Staworko.html	LFCS	\N	'lfcs':3C 'slawek':1A 'staworko':2A
467	Paul Steckler	\N	\N	\N	'paul':1A 'steckler':2A
468	Mark Steedman	http://www.inf.ed.ac.uk/people/staff/Mark_Steedman.html	\N	\N	'mark':1A 'steedman':2A
469	Bernhard Steffen	\N	\N	\N	'bernhard':1A 'steffen':2A
470	Martin Steffen	\N	\N	\N	'martin':1A 'steffen':2A
471	Marco Stenico	\N	\N	\N	'marco':1A 'stenico':2A
472	Perdita Stevens	http://www.inf.ed.ac.uk/people/staff/Perdita_Stevens.html	LFCS	\N	'lfcs':3C 'perdita':1A 'steven':2A
473	Alistair Stewart	http://www.inf.ed.ac.uk/people/staff/Alistair_Stewart.html	\N	\N	'alistair':1A 'stewart':2A
474	Colin Stirling	http://www.inf.ed.ac.uk/people/staff/Colin_Stirling.html	LFCS	\N	'colin':1A 'lfcs':3C 'stirl':2A
475	Allen Stoughton	\N	\N	\N	'allen':1A 'stoughton':2A
476	Panos Stratis	https://www.inf.ed.ac.uk/people/students/Panagiotis_Stratis.html	LFCS	\N	'lfcs':3C 'pano':1A 'strati':2A
477	Jitka Strbrn	\N	\N	\N	'jitka':1A 'strbrn':2A
478	Terry Stroup	\N	\N	\N	'stroup':2A 'terri':1A
479	James Sweet	\N	\N	\N	'jame':1A 'sweet':2A
481	Deian Tabakov	\N	\N	\N	'deian':1A 'tabakov':2A
482	Makoto Takeyama	\N	\N	\N	'makoto':1A 'takeyama':2A
483	Tony Tan	http://www.inf.ed.ac.uk/people/staff/Tony_Tan.html	assistant prof at National Taiwan University	\N	'assist':3C 'nation':6C 'prof':4C 'taiwan':7C 'tan':2A 'toni':1A 'univers':8C
484	Miki Tanaka	\N	\N	\N	'miki':1A 'tanaka':2A
485	Nan Tang	\N	\N	\N	'nan':1A 'tang':2A
486	Andrzej Tarlecki	http://www.mimuw.edu.pl/~tarlecki/	Professor, Univ Warsaw	\N	'andrzej':1A 'professor':3C 'tarlecki':2A 'univ':4C 'warsaw':5C
487	Mark Tarver	\N	\N	\N	'mark':1A 'tarver':2A
488	Eugenio Taylor	\N	\N	\N	'eugenio':1A 'taylor':2A
489	George Taylor	\N	\N	\N	'georg':1A 'taylor':2A
490	Paul Taylor	\N	\N	\N	'paul':1A 'taylor':2A
491	Bob Tennent	\N	\N	\N	'bob':1A 'tennent':2A
492	Jennifer Tenzer	\N	Works as a management consultant for Deutche Bank (I think -- check with Perdita)	\N	'bank':10C 'check':13C 'consult':7C 'deutch':9C 'jennif':1A 'manag':6C 'perdita':15C 'tenzer':2A 'think':12C 'work':3C
493	Guillaume Terradot	\N	LFCS	\N	'guillaum':1A 'lfcs':3C 'terradot':2A
494	Peter Thanisch	\N	\N	\N	'peter':1A 'thanisch':2A
495	Hayo Thielecke	\N	Lecturer in Birmingham (England)	\N	'birmingham':5C 'england':6C 'hayo':1A 'lectur':3C 'thieleck':2A
496	Antonios Thomas	\N	\N	\N	'antonio':1A 'thoma':2A
497	Nigel Thomas	\N	Reader at Newcastle University	\N	'newcastl':5C 'nigel':1A 'reader':3C 'thoma':2A 'univers':6C
498	Chao Tian	http://www.inf.ed.ac.uk/people/students/Chao_Tian.html	LFCS	\N	'chao':1A 'lfcs':3C 'tian':2A
499	Mads Tofte	\N	President, IT University of Copenhagen	\N	'copenhagen':7C 'mad':1A 'presid':3C 'toft':2A 'univers':5C
500	Chris Tofts	\N	\N	\N	'chris':1A 'toft':2A
501	Rodney Topor	\N	\N	\N	'rodney':1A 'topor':2A
480	Marcin Syzmczak	http://www.inf.ed.ac.uk/people/students/Marcin_Szymczak.html	LFCS	None	'lfcs':3C 'marcin':1A 'none':4C 'syzmczak':2A
503	Konstantinos Tourlas	\N	Deceased.	\N	'deceas':3C 'konstantino':1A 'tourla':2A
504	Mirco Tribastone	\N	Assistant Professor at IMT, Lucca	\N	'assist':3C 'imt':6C 'lucca':7C 'mirco':1A 'professor':4C 'tribaston':2A
505	Daniele Turi	\N	\N	\N	'daniel':1A 'turi':2A
506	David Turner	\N	\N	\N	'david':1A 'turner':2A
507	Judith Underwood	\N	\N	\N	'judith':1A 'underwood':2A
508	Kami Vaniea	\N	\N	\N	'kami':1A 'vaniea':2A
509	Vasilis Vasaitis	\N	Apple	\N	'appl':3C 'vasaiti':2A 'vasili':1A
510	Bjrn Victor	\N	\N	\N	'bjrn':1A 'victor':2A
511	Stratis Viglas	http://www.inf.ed.ac.uk/people/staff/Stratis_Viglas.html	LFCS	\N	'lfcs':3C 'strati':1A 'vigla':2A
512	Domagoj Vrgoc	http://www.inf.ed.ac.uk/people/students/Domagoj_Vrgoc.html	postdoc with the Millenium Nucleus Center for Semantic Web Research, Santiago, Chile.	\N	'center':8C 'chile':14C 'domagoj':1A 'millenium':6C 'nucleus':7C 'postdoc':3C 'research':12C 'santiago':13C 'semant':10C 'vrgoc':2A 'web':11C
513	Marije Vugts	\N	\N	\N	'marij':1A 'vugt':2A
514	Philip Wadler	http://www.inf.ed.ac.uk/people/staff/Philip_Wadler.html	LFCS	\N	'lfcs':3C 'philip':1A 'wadler':2A
515	William Waites	http://www.inf.ed.ac.uk/people/staff/William_Waites.html	LFCS	\N	'lfcs':3C 'wait':2A 'william':1A
516	David Walker	\N	\N	\N	'david':1A 'walker':2A
517	Petros Wallden	http://www.inf.ed.ac.uk/people/staff/Petros_Wallden.html	LFCS	\N	'lfcs':3C 'petro':1A 'wallden':2A
518	Lincoln A Wallen	\N	\N	\N	'lincoln':1A 'wallen':3A
519	Christopher D Walton	\N	\N	\N	'christoph':1A 'd':2A 'walton':3A
520	Dafei Wang	\N	\N	\N	'dafei':1A 'wang':2A
521	Li-Guo Wang	\N	\N	\N	'guo':2A 'li':1A 'wang':3A
522	Xin Wang	http://www.inf.ed.ac.uk/people/students/Xin_Wang.html	\N	\N	'wang':2A 'xin':1A
523	Yanghao Wang	\N	\N	\N	'wang':2A 'yanghao':1A
524	Zi Wang	http://www.inf.ed.ac.uk/people/students/Zi_Wang.html	\N	\N	'wang':2A 'zi':1A
525	Andrea Weisse	https://www.inf.ed.ac.uk/people/staff/Andrea_Weisse.html	LFCS	\N	'andrea':1A 'lfcs':3C 'weiss':2A
526	Ian Whiteside	\N	NOT SURE IF HAD VIVA	\N	'ian':1A 'sure':4C 'viva':7C 'whitesid':2A
527	Angus Whyte	\N	\N	\N	'angus':1A 'whyte':2A
528	Anthony Widjaja Lin	\N	Assistant professor at Yale - NUS College Singapore	\N	'anthoni':1A 'assist':4C 'colleg':9C 'lin':3A 'nus':8C 'professor':5C 'singapor':10C 'widjaja':2A 'yale':7C
529	Jack Williams	http://www.inf.ed.ac.uk/people/students/Jack_Williams.html	LFCS	\N	'jack':1A 'lfcs':3C 'william':2A
530	Andrew Wilson	\N	\N	\N	'andrew':1A 'wilson':2A
531	John Wilson-Kanamori	http://www.inf.ed.ac.uk/people/students/John_Wilson-Kanamori.html	\N	\N	'john':1A 'kanamori':3A 'wilson':2A
532	Dominik Wojtczak	https://cgi.csc.liv.ac.uk/~dominik/	Lecturer at Liverpool University	\N	'dominik':1A 'lectur':3C 'liverpool':5C 'univers':6C 'wojtczak':2A
533	Nicholas Wolverson	\N	\N	\N	'nichola':1A 'wolverson':2A
534	Yinghui Wu	\N	\N	\N	'wu':2A 'yinghui':1A
535	Jingbo Xu	http://www.inf.ed.ac.uk/people/students/Jingbo_Xu.html	LFCS	\N	'jingbo':1A 'lfcs':3C 'xu':2A
536	Jingling Xue	\N	\N	\N	'jingl':1A 'xue':2A
537	Jeremy Yallop	\N	\N	\N	'jeremi':1A 'yallop':2A
538	Vanya Yaneva	https://www.inf.ed.ac.uk/people/students/Vanya_Yaneva.html	LFCS	\N	'lfcs':3C 'vanya':1A 'yaneva':2A
539	Guoli Yang	http://www.inf.ed.ac.uk/people/students/Guoli_Yang.html	LFCS	\N	'guoli':1A 'lfcs':3C 'yang':2A
540	Hua Yang	\N	\N	\N	'hua':1A 'yang':2A
541	Chris Yocum	\N	\N	\N	'chris':1A 'yocum':2A
542	Sun Yong	\N	\N	\N	'sun':1A 'yong':2A
543	Nobuko Yoshida	\N	Professor at Imperial College	\N	'colleg':6C 'imperi':5C 'nobuko':1A 'professor':3C 'yoshida':2A
544	Wenyuan Yu	http://www.inf.ed.ac.uk/people/students/Wenyuan_Yu.html	\N	\N	'wenyuan':1A 'yu':2A
545	Jakub Zalewski	https://www.inf.ed.ac.uk/people/staff/Jakub_Zalewski.html	LFCS	\N	'jakub':1A 'lfcs':3C 'zalewski':2A
546	Natalia Zon	http://www.inf.ed.ac.uk/people/students/Natalia_Zon.html	LFCS	Polish	'lfcs':3C 'natalia':1A 'polish':4C 'zon':2A
78	Andreas Chatzistergiou	https://www.inf.ed.ac.uk/people/students/Andreas_Chatzistergiou.html	LFCS	None	'andrea':1A 'chatzistergiou':2A 'lfcs':3C 'none':4C
459	Andrew Sogokon	http://www.inf.ed.ac.uk/people/students/Andrew_Sogokon.html	LFCS	None	'andrew':1A 'lfcs':3C 'none':4C 'sogokon':2A
294	Hengshuai Lin	http://www.inf.ed.ac.uk/people/students/Zhengshuai_Lin.html	LFCS	None	'hengshuai':1A 'lfcs':3C 'lin':2A 'none':4C
502	Patrick Totzke	http://www.inf.ed.ac.uk/people/students/Patrick_Totzke.html	LFCS	None	'lfcs':3C 'none':4C 'patrick':1A 'totzk':2A
20	David Aspinall	http://www.inf.ed.ac.uk/people/staff/David_Aspinall.html	LFCS	British	'aspinal':2A 'british':4C 'david':1A 'lfcs':3C
\.


--
-- Name: people_id_seq; Type: SEQUENCE SET; Schema: public; Owner: -
--

SELECT pg_catalog.setval('people_id_seq', 546, true);


--
-- Data for Name: phd; Type: TABLE DATA; Schema: public; Owner: -
--

COPY phd (id, thesis, person_id, search_vector) FROM stdin;
1	\N	1	
2	\N	5	
3	\N	6	
4	\N	7	
5	\N	8	
6	Constructions, Inductive Types and Strong Normalization (1993)	9	'1993':7B 'construct':1B 'induct':2B 'normal':6B 'strong':5B 'type':3B
7	XML Data Exchange under Expressive Mappings (2010)	10	'2010':7B 'data':2B 'exchang':3B 'express':5B 'map':6B 'xml':1B
8	First Order Linear Logic in Symmetric Monoidal Closed Categories (1992)	11	'1992':10B 'categori':9B 'close':8B 'first':1B 'linear':3B 'logic':4B 'monoid':7B 'order':2B 'symmetr':6B
9	Algorithms for polynomial factorisation and their extension to quotient rings	12	'algorithm':1B 'extens':7B 'factoris':4B 'polynomi':3B 'quotient':9B 'ring':10B
10	Logic Programming: Operational Semantics and Proof Theory (1991)	16	'1991':8B 'logic':1B 'oper':3B 'program':2B 'proof':6B 'semant':4B 'theori':7B
11	\N	17	
12	Type Systems for Modular Programs and Specifications	20	'modular':4B 'program':5B 'specif':7B 'system':2B 'type':1B
13	\N	21	
14	Substructural simple type theories for separation and in-place update	22	'place':9B 'separ':6B 'simpl':2B 'substructur':1B 'theori':4B 'type':3B 'updat':10B
15	Spatio-temporal Logic for the Analysis of Biochemical Models	27	'analysi':6B 'biochem':8B 'logic':3B 'model':9B 'spatio':1B 'tempor':2B
16	\N	28	
17	\N	32	
18	\N	33	
19	\N	34	
20	Mechanizing Proof Theory: Resource-Aware Logics and Proof-Transformations to extract implicit information (1990)	36	'1990':14B 'awar':5B 'extract':11B 'implicit':12B 'inform':13B 'logic':6B 'mechan':1B 'proof':2B,8B 'resourc':4B 'theori':3B 'transform':9B
21	Asynchronous Queue Machines with Explicit Forwarding	38	'asynchron':1B 'explicit':5B 'forward':6B 'machin':3B 'queue':2B
22	Generating Program Animators from Programming Language Semantics (1991)	39	'1991':8B 'anim':3B 'generat':1B 'languag':6B 'program':2B,5B 'semant':7B
23	\N	46	
24	\N	47	
25	\N	53	
26	\N	55	
27	Linear Logic and Petri Nets: Categories, Algebra and Proof (1991)	56	'1991':10B 'algebra':7B 'categori':6B 'linear':1B 'logic':2B 'net':5B 'petri':4B 'proof':9B
28	\N	57	
29	\N	59	
30	\N	61	
31	Type-based Amortized Stack Memory Prediction	67	'amort':3B 'base':2B 'memori':5B 'predict':6B 'stack':4B 'type':1B
32	\N	68	
33	\N	69	
34	\N	70	
35	Bisimulations for Concurrency (1988)	71	'1988':4B 'bisimul':1B 'concurr':3B
36	\N	73	
37	\N	74	
38	\N	75	
39	\N	76	
41	Timed Processes: Models, Axioms and Decidability (1993)	81	'1993':7B 'axiom':4B 'decid':6B 'model':3B 'process':2B 'time':1B
42	\N	84	
43	\N	86	
44	Decidability and Decomposition in Process Algebras (1993)	88	'1993':7B 'algebra':6B 'decid':1B 'decomposit':3B 'process':5B
45	\N	90	
46	\N	93	
47	Techniques for the Construction and Analysis of Algebraic Performance Models (2000)	94	'2000':11B 'algebra':8B 'analysi':6B 'construct':4B 'model':10B 'perform':9B 'techniqu':1B
48	\N	96	
49	\N	97	
50	\N	100	
51	Programming Language Features for Web Application Development	101	'applic':6B 'develop':7B 'featur':3B 'languag':2B 'program':1B 'web':5B
52	\N	102	
53	Correctness proofs of compilers and debuggers : an approach based on structural operational semantics (1992)	105	'1992':14B 'approach':8B 'base':9B 'compil':4B 'correct':1B 'debugg':6B 'oper':12B 'proof':2B 'semant':13B 'structur':11B
54	Relevance Logic and Concurrent Composition (1990)	107	'1990':6B 'composit':5B 'concurr':4B 'logic':2B 'relev':1B
55	\N	110	
56	\N	112	
57	\N	115	
58	Structural and Fluid Analysis for Large Scale PEPA Models - With Applications to Content Adaptation Systems (2010)	118	'2010':16B 'adapt':14B 'analysi':4B 'applic':11B 'content':13B 'fluid':3B 'larg':6B 'model':9B 'pepa':8B 'scale':7B 'structur':1B 'system':15B
59	left without degree	119	'degre':3B 'left':1B 'without':2B
60	\N	123	
61	Verification of inifinite-state systems	130	'inifinit':3B 'state':4B 'system':5B 'verif':1B
62	Conservative extensions of the lambda-calculus for the computational interpretation of sequent calculus	131	'calculus':6B,13B 'comput':9B 'conserv':1B 'extens':2B 'interpret':10B 'lambda':5B 'sequent':12B
63	Ordinal Complexity of Recursive Programs and their Termination Proofs (1992)	134	'1992':10B 'complex':2B 'ordin':1B 'program':5B 'proof':9B 'recurs':4B 'termin':8B
64	Verification in ASL and Related Specification Languages	138	'asl':3B 'languag':7B 'relat':5B 'specif':6B 'verif':1B
65	Social Media in Health and Care Co-production	139	'care':6B 'co':7B 'health':4B 'media':2B 'product':8B 'social':1B
66	\N	140	
67	\N	141	
68	\N	142	
69	\N	146	
70	\N	147	
71	\N	150	
72	\N	152	
73	Decidability and Coincidence of Equivalences for Concurrency (2003)	155	'2003':8B 'coincid':3B 'concurr':7B 'decid':1B 'equival':5B
74	\N	156	
75	\N	157	
76	\N	158	
77	Representing Logics in Type Theory (1992)	159	'1992':6B 'logic':2B 'repres':1B 'theori':5B 'type':4B
78	\N	163	
79	\N	164	
40	None	78	'none':1B
80	Adjoint Rewriting	165	'adjoint':1B 'rewrit':2B
81	\N	167	
82	\N	168	
83	\N	172	
84	PAC-Learning Geometrical Figures (1992)	173	'1992':5B 'figur':4B 'geometr':3B 'learn':2B 'pac':1B
85	Efficient Algorithms for Listing Combinatorial Structures (1992)	174	'1992':7B 'algorithm':2B 'combinatori':5B 'effici':1B 'list':4B 'structur':6B
86	Embedding Hardware Description Languages in ProofSystems (1993)	175	'1993':7B 'descript':3B 'embed':1B 'hardwar':2B 'languag':4B 'proofsystem':6B
87	\N	185	
88	Semantic Frameworks for Complexity (1991)	187	'1991':5B 'complex':4B 'framework':2B 'semant':1B
89	On Bisimulation and Model-Checking for Concurrent Systems with Partial Order Semantics	188	'bisimul':2B 'check':5B 'concurr':7B 'model':4B 'order':11B 'partial':10B 'semant':12B 'system':8B
90	\N	189	
91	A Categorical Programming Language (1987)	190	'1987':5B 'categor':2B 'languag':4B 'program':3B
92	\N	191	
93	Ordinals and Interactive Programs	192	'interact':3B 'ordin':1B 'program':4B
94	Abstraction Barriers and Refinement in the Polymorphic Lambda Calculus	193	'abstract':1B 'barrier':2B 'calculus':9B 'lambda':8B 'polymorph':7B 'refin':4B
95	On Heriditary Harrop Formulae as a Basis for Logic Programming (1991)	195	'1991':11B 'basi':7B 'formula':4B 'harrop':3B 'heriditari':2B 'logic':9B 'program':10B
96	Models of Sharing Graphs: A Categorical Semantics of let and letrec	198	'categor':6B 'graph':4B 'let':9B 'letrec':11B 'model':1B 'semant':7B 'share':3B
97	\N	199	
98	Type-Parameterized Actors and Their Supervision	201	'actor':3B 'parameter':2B 'supervis':6B 'type':1B
99	\N	203	
100	Fibrations, Logical Predicates and Indeterminates (1993)	206	'1993':6B 'fibrat':1B 'indetermin':5B 'logic':2B 'predic':3B
101	\N	211	
102	Extensional Concepts in Intensional Type Theory	213	'concept':2B 'extension':1B 'intension':4B 'theori':6B 'type':5B
103	Thermodynamic graph rewriting	214	'graph':2B 'rewrit':3B 'thermodynam':1B
104	\N	218	
105	Pure Subtype Systems	219	'pure':1B 'subtyp':2B 'system':3B
106	\N	220	
107	Decidability, Behavioural Equivalences and Infinite Transition Graphs (1992)	221	'1992':8B 'behaviour':2B 'decid':1B 'equival':3B 'graph':7B 'infinit':5B 'transit':6B
108	\N	222	
109	\N	224	
110	\N	227	
111	\N	230	
112	Probabilistic Non-Determinism (1990)	233	'1990':4B 'determin':3B 'non':2B 'probabilist':1B
113	Tableau Systems for Modal Mu-calculus	235	'calculus':6B 'modal':4B 'mu':5B 'system':2B 'tableau':1B
114	Using Automata to Characterise Fixed Point Temporal Logics	240	'automata':2B 'characteris':4B 'fix':5B 'logic':8B 'point':6B 'tempor':7B 'use':1B
115	An algebraic theory of type-and-effect systems (2014)	242	'2014':9B 'algebra':2B 'effect':7B 'system':8B 'theori':3B 'type':5B
116	\N	245	
117	\N	246	
118	\N	248	
119	A Generalisation of Pre-logical Predicates and its Applications	249	'applic':9B 'generalis':2B 'logic':5B 'pre':4B 'predic':6B
120	\N	250	
121	\N	252	
122	\N	253	
123	\N	259	
124	\N	263	
125	left without degree	264	'degre':3B 'left':1B 'without':2B
126	\N	265	
127	Constructive -models (1990)	268	'1990':3B 'construct':1B 'model':2B
128	\N	271	
129	switched in 2005 to PhD with Helen Pain(?)	274	'2005':3B 'helen':7B 'pain':8B 'phd':5B 'switch':1B
130	\N	276	
131	\N	277	
132	\N	278	
133	A formal computational framework for the study of molecular evolution (2010)	280	'2010':11B 'comput':3B 'evolut':10B 'formal':2B 'framework':4B 'molecular':9B 'studi':7B
134	\N	281	
135	\N	282	
136	Parallel parsing of context-free languages on an array of processors (1988)	283	'1988':12B 'array':9B 'context':4B 'free':5B 'languag':6B 'parallel':1B 'pars':2B 'processor':11B
137	Context-Dependent Bisimulation between Processes (1986)	284	'1986':6B 'bisimul':3B 'context':1B 'depend':2B 'process':5B
138	\N	288	
139	\N	293	
141	\N	295	
142	Normalisation by evaluation in the compilation of typed functional programming languages (2005)	296	'2005':12B 'compil':6B 'evalu':3B 'function':9B 'languag':11B 'normalis':1B 'program':10B 'type':8B
143	Left without degree	297	'degre':3B 'left':1B 'without':2B
144	\N	299	
145	\N	300	
146	An extended calculus of constructions (1990)	302	'1990':6B 'calculus':3B 'construct':5B 'extend':2B
147	Categorical Term Rewriting: Monads and Modularity	303	'categor':1B 'modular':6B 'monad':4B 'rewrit':3B 'term':2B
148	\N	305	
149	Quality of Service of Crash-Recovery Failure Detectors (2007)	306	'2007':9B 'crash':5B 'detector':8B 'failur':7B 'qualiti':1B 'recoveri':6B 'servic':3B
151	Testing from Structured Algebraic Specifications: The Oracle Problem	308	'algebra':4B 'oracl':7B 'problem':8B 'specif':5B 'structur':3B 'test':1B
152	\N	312	
153	\N	313	
154	\N	317	
155	\N	318	
156	\N	325	
157	Repairing Type Errors in Functional Programs	329	'error':3B 'function':5B 'program':6B 'repair':1B 'type':2B
158	Dependently Typed Functional Programs and their Proofs	330	'depend':1B 'function':3B 'program':4B 'proof':7B 'type':2B
159	Deliverables: a categorical approach to program development in type theory (1992)	336	'1992':11B 'approach':4B 'categor':3B 'deliver':1B 'develop':7B 'program':6B 'theori':10B 'type':9B
160	\N	337	
161	A Modal Logic for Handling Behavioural Constraints in FormalHardware Verification (1993)	339	'1993':11B 'behaviour':6B 'constraint':7B 'formalhardwar':9B 'handl':5B 'logic':3B 'modal':2B 'verif':10B
162	\N	340	
163	\N	341	
164	\N	342	
165	\N	345	
166	Game Semantics for Probabilistic mu-Calculi (2012)	347	'2012':7B 'calculi':6B 'game':1B 'mu':5B 'probabilist':4B 'semant':2B
167	The Partial Lambda-Calculus (1988)	352	'1988':5B 'calculus':4B 'lambda':3B 'partial':2B
168	Axioms for Concurrency (1989)	353	'1989':4B 'axiom':1B 'concurr':3B
169	\N	356	
170	\N	358	
171	\N	363	
172	\N	365	
173	\N	366	
174	\N	367	
175	\N	368	
176	\N	370	
177	Algorithmic Analysis of Parity Games	371	'algorithm':1B 'analysi':2B 'game':5B 'pariti':4B
178	\N	374	
179	\N	376	
180	Annotated Transition Systems for Verifying Concurrent Programs (1991)	377	'1991':8B 'annot':1B 'concurr':6B 'program':7B 'system':3B 'transit':2B 'verifi':5B
181	\N	381	
182	Combined Decision Procedures for Nonlinear Arithmetics, Real and Complex (2011)	382	'2011':10B 'arithmet':6B 'combin':1B 'complex':9B 'decis':2B 'nonlinear':5B 'procedur':3B 'real':7B
183	Self-organisation in Ant-based Peer-to-peer Systems (2007)	383	'2007':10B 'ant':4B 'base':5B 'organis':2B 'peer':6B,8B 'self':1B 'system':9B
184	\N	384	
185	\N	385	
186	Modular languages for systems and synthetic biology	386	'biolog':7B 'languag':2B 'modular':1B 'synthet':6B 'system':4B
187	\N	387	
188	\N	391	
189	Generic Refinements for Behavioral Specifications	392	'behavior':4B 'generic':1B 'refin':2B 'specif':5B
190	\N	395	
191	Type Theory and Machine Checked Mathematics	399	'check':5B 'machin':4B 'mathemat':6B 'theori':2B 'type':1B
192	Performance Analysis of Large-Scale Ressource-Bound Computer Systems (2015)	400	'2015':10B 'analysi':2B 'bound':7B 'comput':8B 'larg':4B 'perform':1B 'ressourc':6B 'scale':5B 'system':9B
193	Combinators and Bisimulation Proofs for Restartable Systems (1988)	402	'1988':8B 'bisimul':3B 'combin':1B 'proof':4B 'restart':6B 'system':7B
194	\N	403	
195	Proofs, Search and Computation in General Logic (1991)	405	'1991':8B 'comput':4B 'general':6B 'logic':7B 'proof':1B 'search':2B
196	Graph Patterns: Structure, Query Answering and Applications in Schema Mappings and Formal Language Theory (2013)	415	'2013':15B 'answer':5B 'applic':7B 'formal':12B 'graph':1B 'languag':13B 'map':10B 'pattern':2B 'queri':4B 'schema':9B 'structur':3B 'theori':14B
197	\N	420	
198	The Design and Implementation of an Interactive Proof Editor (1988)	421	'1988':10B 'design':2B 'editor':9B 'implement':4B 'interact':7B 'proof':8B
199	Compositional Construction and Analysis of Petri net systems (1997)	423	'1997':9B 'analysi':4B 'composit':1B 'construct':2B 'net':7B 'petri':6B 'system':8B
200	Types for Modules	425	'modul':3B 'type':1B
201	Expressing Mobility in Process Algebras: First-Order and Higher-Order Paradigms (1993)	429	'1993':12B 'algebra':5B 'express':1B 'first':6B 'higher':9B 'mobil':2B 'order':7B,10B 'paradigm':11B 'process':4B
202	\N	435	
203	\N	437	
204	Data Abstraction and the Correctness of ModularProgramming (1986)	438	'1986':8B 'abstract':2B 'correct':5B 'data':1B 'modularprogram':7B
205	\N	441	
206	\N	448	
207	\N	449	
208	The Algebra of Finite State Processes	450	'algebra':2B 'finit':4B 'process':6B 'state':5B
209	\N	453	
210	\N	454	
211	\N	455	
212	Stochastic Abstraction of programs: towards performance driven developpment (2010)	458	'2010':9B 'abstract':2B 'developp':8B 'driven':7B 'perform':6B 'program':4B 'stochast':1B 'toward':5B
214	\N	461	
215	\N	462	
216	\N	463	
217	\N	471	
218	\N	473	
219	\N	475	
220	\N	476	
221	\N	477	
222	\N	478	
224	\N	482	
225	\N	484	
226	\N	492	
227	Categorical Structure of Continuation Passing Style	495	'categor':1B 'continu':4B 'pass':5B 'structur':2B 'style':6B
228	\N	496	
229	\N	498	
230	Operational Semantics and Polymorphic Type Inference (1988)	499	'1988':7B 'infer':6B 'oper':1B 'polymorph':4B 'semant':2B 'type':5B
231	Proof Methods and Pragmatics for Parallel Programming (1991)	500	'1991':8B 'method':2B 'parallel':6B 'pragmat':4B 'program':7B 'proof':1B
233	Diagrammatic Representations in Domain-Specific Languages	503	'diagrammat':1B 'domain':4B 'languag':6B 'represent':2B 'specif':5B
234	\N	504	
235	\N	506	
236	\N	509	
237	Querying Graphs with Data (2014)	512	'2014':5B 'data':4B 'graph':2B 'queri':1B
238	\N	515	
239	\N	519	
240	\N	520	
241	\N	521	
242	\N	522	
243	\N	524	
244	\N	526	
213	None	459	'none':1B
232	None	502	'none':1B
223	None	480	'none':1B
245	Model-Checking Infinite State Systems: Generic and Specific Approaches (2010)	528	'2010':10B 'approach':9B 'check':2B 'generic':6B 'infinit':3B 'model':1B 'specif':8B 'state':4B 'system':5B
246	\N	529	
247	\N	530	
248	\N	531	
249	Recursive Probabilistic Models: efficient analysis and implementation	532	'analysi':5B 'effici':4B 'implement':7B 'model':3B 'probabilist':2B 'recurs':1B
250	\N	533	
251	\N	534	
252	\N	535	
253	The Formal Synthesis of Control Signals (1992)	536	'1992':7B 'control':5B 'formal':2B 'signal':6B 'synthesi':3B
254	Abstraction for Web Programming	537	'abstract':1B 'program':4B 'web':3B
255	\N	538	
256	Learning in Adaptive Networks: Analytical and Computational Approaches	539	'adapt':3B 'analyt':5B 'approach':8B 'comput':7B 'learn':1B 'network':4B
257	\N	540	
258	A Framework for Binding Operators (1992)	542	'1992':6B 'bind':4B 'framework':2B 'oper':5B
259	\N	544	
260	\N	545	
261	\N	546	
140	None	294	'none':1B
150	None	307	'none':1B
\.


--
-- Name: phd_id_seq; Type: SEQUENCE SET; Schema: public; Owner: -
--

SELECT pg_catalog.setval('phd_id_seq', 261, true);


--
-- Data for Name: positions; Type: TABLE DATA; Schema: public; Owner: -
--

COPY positions (id, "position", staff_id, associate_id, search_vector) FROM stdin;
1	Research Associate	1	\N	'associ':2B 'research':1B
2	Research Fellow	2	\N	'fellow':2B 'research':1B
3	Visitor	\N	1	'visitor':1B
4	Systems Development manager	3	\N	'develop':2B 'manag':3B 'system':1B
5	Lecturer	4	\N	'lectur':1B
6	Professor	4	\N	'professor':1B
10	Research Fellow	9	\N	'fellow':2B 'research':1B
11	Visiting PhD student	\N	2	'phd':2B 'student':3B 'visit':1B
12	Associate Member	\N	3	'associ':1B 'member':2B
13	Lecturer	14	\N	'lectur':1B
14	Visitor	\N	4	'visitor':1B
15	Part-Time Programmer	15	\N	'part':1B 'programm':3B 'time':2B
16	Honorary Member	\N	5	'honorari':1B 'member':2B
17	Honorary Member	\N	6	'honorari':1B 'member':2B
18	Reader	19	\N	'reader':1B
19	Research Fellow	21	\N	'fellow':2B 'research':1B
20	Professor	23	\N	'professor':1B
21	Visitor	\N	7	'visitor':1B
22	Associate Member	\N	8	'associ':1B 'member':2B
23	Professor of Computer Science	24	\N	'comput':3B 'professor':1B 'scienc':4B
24	Professor Emeritus	24	\N	'emeritus':2B 'professor':1B
25	Visitor	\N	9	'visitor':1B
26	Research Fellow	25	\N	'fellow':2B 'research':1B
27	Visitor	\N	10	'visitor':1B
28	Rahul Santhanam	29	\N	'rahul':1B 'santhanam':2B
29	Research Fellow	31	\N	'fellow':2B 'research':1B
30	Visitor	\N	11	'visitor':1B
31	Assistant Director	33	\N	'assist':1B 'director':2B
32	Associate Member	\N	12	'associ':1B 'member':2B
33	Visitor	\N	13	'visitor':1B
34	Lecturer	36	\N	'lectur':1B
35	Professor	39	\N	'professor':1B
36	Visitor	\N	14	'visitor':1B
37	Honorary Member	\N	15	'honorari':1B 'member':2B
38	Visitor	\N	16	'visitor':1B
39	Lecturer	42	\N	'lectur':1B
40	Rahul Santhanam	43	\N	'rahul':1B 'santhanam':2B
41	Visitor	\N	17	'visitor':1B
42	Visitor	\N	18	'visitor':1B
43	Visitor	\N	19	'visitor':1B
44	Senior Business Development Executive	\N	20	'busi':2B 'develop':3B 'execut':4B 'senior':1B
45	Research Associate	45	\N	'associ':2B 'research':1B
46	Reader	48	\N	'reader':1B
47	Professor	50	\N	'professor':1B
48	Systems Programmer	53	\N	'programm':2B 'system':1B
49	Professor of Computer Systems	55	\N	'comput':3B 'professor':1B 'system':4B
50	Visitor	\N	21	'visitor':1B
51	Research Associate	57	\N	'associ':2B 'research':1B
52	Research Associate	58	\N	'associ':2B 'research':1B
53	Lecturer	60	\N	'lectur':1B
54	Professor	60	\N	'professor':1B
55	Professor	63	\N	'professor':1B
56	Visitor	\N	22	'visitor':1B
57	Visitor	\N	23	'visitor':1B
58	Associate Member	\N	24	'associ':1B 'member':2B
59	Associate Member	\N	25	'associ':1B 'member':2B
60	Visitor	\N	26	'visitor':1B
61	Research Fellow/Lecturer	66	\N	'fellow/lecturer':2B 'research':1B
62	Visitor to Gordon Plotkin	\N	27	'gordon':3B 'plotkin':4B 'visitor':1B
63	Professor of Computer Science, U. of Sussex	69	\N	'comput':3B 'professor':1B 'scienc':4B 'sussex':7B 'u':5B
64	Admin supervisor	70	\N	'admin':1B 'supervisor':2B
65	Lecturer	71	\N	'lectur':1B
66	Professor	72	\N	'professor':1B
67	Director	72	\N	'director':1B
68	Visitor	\N	28	'visitor':1B
69	Lecturer	74	\N	'lectur':1B
70	Research Associate	75	\N	'associ':2B 'research':1B
71	Research Fellow	76	\N	'fellow':2B 'research':1B
72	Associate Member	\N	29	'associ':1B 'member':2B
73	Senior Lecturer	78	\N	'lectur':2B 'senior':1B
74	Visitor	\N	30	'visitor':1B
75	Research Fellow	79	\N	'fellow':2B 'research':1B
76	Lecturer	80	\N	'lectur':1B
77	Research Fellow	85	\N	'fellow':2B 'research':1B
78	Lecturer (2010)	85	\N	'2010':2B 'lectur':1B
79	Honorary Member, Visitor	\N	31	'honorari':1B 'member':2B 'visitor':3B
80	Research Fellow	86	\N	'fellow':2B 'research':1B
81	Lecturer	87	\N	'lectur':1B
82	Senior Lecturer	87	\N	'lectur':2B 'senior':1B
83	Lecturer	90	\N	'lectur':1B
84	Secretary to Rod Burstall	92	\N	'burstal':4B 'rod':3B 'secretari':1B
85	Visitor	\N	32	'visitor':1B
86	Visitor	\N	33	'visitor':1B
87	Visitor to Gordon Plotkin	\N	34	'gordon':3B 'plotkin':4B 'visitor':1B
88	Visitor	97	\N	'visitor':1B
89	Visitor to Peter Buneman	\N	35	'buneman':4B 'peter':3B 'visitor':1B
90	Visitor to Gordon Plotkin	\N	36	'gordon':3B 'plotkin':4B 'visitor':1B
91	Professor	102	\N	'professor':1B
92	Research Fellow	103	\N	'fellow':2B 'research':1B
93	Research Fellow	104	\N	'fellow':2B 'research':1B
94	Senior Research Fellow	104	\N	'fellow':3B 'research':2B 'senior':1B
95	Lecturer	105	\N	'lectur':1B
96	Associate Member	\N	37	'associ':1B 'member':2B
97	Honorary Member	\N	38	'honorari':1B 'member':2B
98	Research Fellow	108	\N	'fellow':2B 'research':1B
99	Portfolio Manager	110	\N	'manag':2B 'portfolio':1B
100	Honorary Member	\N	39	'honorari':1B 'member':2B
101	Visitor	\N	40	'visitor':1B
102	Visitor	\N	41	'visitor':1B
103	Lecturer	113	\N	'lectur':1B
104	Honorary member	\N	42	'honorari':1B 'member':2B
105	Lecturer	115	\N	'lectur':1B
106	Secretary to Robin Milner	119	\N	'milner':4B 'robin':3B 'secretari':1B
107	Senior Research Fellow	120	\N	'fellow':3B 'research':2B 'senior':1B
108	Finance Administrator	121	\N	'administr':2B 'financ':1B
109	Visitor	\N	43	'visitor':1B
110	Director	122	\N	'director':1B
111	Lecturer	123	\N	'lectur':1B
112	Research Fellow	124	\N	'fellow':2B 'research':1B
113	Associate Member	\N	44	'associ':1B 'member':2B
114	Research Associate	126	\N	'associ':2B 'research':1B
115	Visitor	\N	45	'visitor':1B
116	Associate Member	\N	46	'associ':1B 'member':2B
117	Senior Visiting Fellow	\N	47	'fellow':3B 'senior':1B 'visit':2B
118	Research Fellow	131	\N	'fellow':2B 'research':1B
119	Research Associate on joint Edinburgh-Cambridge EPSRC grant 'Automatic Proof Procedures for Polynomials and Special Functions.' Co-PIs: Paul B. Jackson (Edinburgh) and Larry Paulson (Cambridge).	132	\N	'associ':2B 'automat':9B 'b':20B 'cambridg':6B,26B 'co':17B 'edinburgh':5B,22B 'epsrc':7B 'function':16B 'grant':8B 'jackson':21B 'joint':4B 'larri':24B 'paul':19B 'paulson':25B 'pis':18B 'polynomi':13B 'procedur':11B 'proof':10B 'research':1B 'special':15B
120	Portfolio Manager	134	\N	'manag':2B 'portfolio':1B
121	Research Associate	134	\N	'associ':2B 'research':1B
122	Associate Member	\N	48	'associ':1B 'member':2B
123	Professor of Computer Science	137	\N	'comput':3B 'professor':1B 'scienc':4B
124	Research Fellow	138	\N	'fellow':2B 'research':1B
125	Honorary Member	\N	49	'honorari':1B 'member':2B
126	Secretary to George Cleland	143	\N	'cleland':4B 'georg':3B 'secretari':1B
127	Research Associate	146	\N	'associ':2B 'research':1B
128	Research Associate	147	\N	'associ':2B 'research':1B
129	Visitor	\N	50	'visitor':1B
130	Portfolio Manager	150	\N	'manag':2B 'portfolio':1B
131	Associate Member	\N	52	'associ':1B 'member':2B
132	Research Fellow	151	\N	'fellow':2B 'research':1B
133	Associate Member	\N	53	'associ':1B 'member':2B
134	Associate Member	\N	54	'associ':1B 'member':2B
135	Lecturer	153	\N	'lectur':1B
136	Professor	153	\N	'professor':1B
137	Director	153	\N	'director':1B
138	Lecturer	154	\N	'lectur':1B
139	Visitor	\N	55	'visitor':1B
140	Visitor	\N	56	'visitor':1B
141	Visitor	\N	57	'visitor':1B
142	Lecturer	162	\N	'lectur':1B
143	Lecturer	163	\N	'lectur':1B
144	Computing Officer	164	\N	'comput':1B 'offic':2B
145	Senior Lecturer	165	\N	'lectur':2B 'senior':1B
146	Associate Member	\N	58	'associ':1B 'member':2B
147	Research Fellow	167	\N	'fellow':2B 'research':1B
148	Reader	168	\N	'reader':1B
149	Lecturer	170	\N	'lectur':1B
150	Professor	170	\N	'professor':1B
151	Research Fellow	173	\N	'fellow':2B 'research':1B
152	Research Fellow	174	\N	'fellow':2B 'research':1B
153	Research Fellow	175	\N	'fellow':2B 'research':1B
154	Research Fellow	176	\N	'fellow':2B 'research':1B
155	Research Fellow	180	\N	'fellow':2B 'research':1B
156	Gordon Plotkin	182	\N	'gordon':1B 'plotkin':2B
157	Research Fellow	183	\N	'fellow':2B 'research':1B
158	Reader	185	\N	'reader':1B
159	Professor	187	\N	'professor':1B
160	Research Fellow + Lecturer from August 1988	189	\N	'1988':6B 'august':5B 'fellow':2B 'lectur':3B 'research':1B
161	Research Associate	192	\N	'associ':2B 'research':1B
162	Lecturer	6	\N	'lectur':1B
163	Personal Chair in Dependable Systems	4	\N	'chair':2B 'depend':4B 'person':1B 'system':5B
164	Research Associate	12	\N	'associ':2B 'research':1B
165	Research Associate	190	\N	'associ':2B 'research':1B
166	Lecturer in Cyber Security and Privacy	184	\N	'cyber':3B 'lectur':1B 'privaci':6B 'secur':4B
167	Research Associate	188	\N	'associ':2B 'research':1B
168	Personal Chair of Data Management on New Hardware	185	\N	'chair':2B 'data':4B 'hardwar':8B 'manag':5B 'new':7B 'person':1B
169	Chair of Theoretical Computer Science	187	\N	'chair':1B 'comput':4B 'scienc':5B 'theoret':3B
170	Research Associate	166	\N	'associ':2B 'research':1B
171	Personal Chair in Computation Theory	170	\N	'chair':2B 'comput':4B 'person':1B 'theori':5B
172	Senior Research Fellow	168	\N	'fellow':3B 'research':2B 'senior':1B
173	Post-doctoral Research Fellow	160	\N	'doctor':2B 'fellow':4B 'post':1B 'research':3B
174	Research Associate	152	\N	'associ':2B 'research':1B
175	Research Associate	149	\N	'associ':2B 'research':1B
176	Chancellor's Fellowship	155	\N	'chancellor':1B 'fellowship':3B
177	PERSONAL CHAIR IN COMPUTER SCIENCE	153	\N	'chair':2B 'comput':4B 'person':1B 'scienc':5B
178	Chancellor's Fellow	142	\N	'chancellor':1B 'fellow':3B
179	Professor	137	\N	'professor':1B
180	Research Associate	130	\N	'associ':2B 'research':1B
181	Chancellor's Fellow	111	\N	'chancellor':1B 'fellow':3B
182	Chair of Foundations of Data Management	102	\N	'chair':1B 'data':5B 'foundat':3B 'manag':6B
183	Chair in Cyber Security and Privacy	94	\N	'chair':1B 'cyber':3B 'privaci':6B 'secur':4B
184	Reader	90	\N	'reader':1B
185	Research Associate	74	\N	'associ':2B 'research':1B
186	Senior Research Fellow	71	\N	'fellow':3B 'research':2B 'senior':1B
187	Personal Chair in Quantitative Modelling	72	\N	'chair':2B 'model':5B 'person':1B 'quantit':4B
188	Senior Research Fellow	57	\N	'fellow':3B 'research':2B 'senior':1B
189	Chair in Computer Security	63	\N	'chair':1B 'comput':3B 'secur':4B
190	Personal Chair in Software Systems Modelling	60	\N	'chair':2B 'model':6B 'person':1B 'softwar':4B 'system':5B
191	Personal Chair in Web Data Management	50	\N	'chair':2B 'data':5B 'manag':6B 'person':1B 'web':4B
192	Research Associate	38	\N	'associ':2B 'research':1B
193	Reader	42	\N	'reader':1B
194	Chair of Computational Systems Biology	39	\N	'biolog':5B 'chair':1B 'comput':3B 'system':4B
195	Research Associate	30	\N	'associ':2B 'research':1B
196	Research Associate	27	\N	'associ':2B 'research':1B
197	Reader	31	\N	'reader':1B
198	Senior Lecturer	24	\N	'lectur':2B 'senior':1B
199	Research Assistant	25	\N	'assist':2B 'research':1B
203	Research Fellow	7	\N	'fellow':2B 'research':1B
204	Reader	7	\N	'reader':1B
205	Lecturer	7	\N	'lectur':1B
\.


--
-- Name: positions_id_seq; Type: SEQUENCE SET; Schema: public; Owner: -
--

SELECT pg_catalog.setval('positions_id_seq', 205, true);


--
-- Data for Name: postdoc_table; Type: TABLE DATA; Schema: public; Owner: -
--

COPY postdoc_table (staff, postdocs) FROM stdin;
153	1
72	2
102	3
102	4
102	5
102	6
60	7
102	8
102	9
122	10
137	10
153	11
72	12
153	13
23	14
153	15
19	16
122	17
137	17
162	18
153	19
23	20
102	21
102	22
50	22
23	23
162	24
102	25
102	26
\.


--
-- Data for Name: postdocs; Type: TABLE DATA; Schema: public; Owner: -
--

COPY postdocs (id, person_id) FROM stdin;
1	79
2	91
3	92
4	109
5	143
6	151
7	162
8	166
9	183
10	228
11	251
12	267
13	273
14	275
15	311
16	314
17	323
18	351
19	355
20	360
21	362
22	398
23	428
24	436
25	456
26	483
\.


--
-- Name: postdocs_id_seq; Type: SEQUENCE SET; Schema: public; Owner: -
--

SELECT pg_catalog.setval('postdocs_id_seq', 26, true);


--
-- Data for Name: staff; Type: TABLE DATA; Schema: public; Owner: -
--

COPY staff (id, research_explorer, person_id) FROM stdin;
1	\N	2
2	\N	3
3	\N	13
5	\N	15
8	\N	23
9	\N	24
10	\N	25
11	\N	31
13	\N	37
14	\N	42
15	\N	44
16	\N	45
17	\N	48
18	\N	51
20	\N	54
21	\N	58
22	\N	62
26	\N	68
28	\N	77
29	\N	82
32	\N	87
33	\N	95
34	\N	97
35	\N	98
37	\N	104
40	\N	111
41	\N	114
43	\N	120
44	\N	124
45	\N	128
46	\N	129
47	\N	130
49	\N	135
51	\N	137
52	\N	141
53	\N	144
54	\N	148
55	\N	149
56	\N	155
59	\N	161
61	\N	170
62	\N	171
64	\N	179
65	\N	189
66	\N	196
67	\N	197
68	\N	204
69	\N	205
70	\N	207
73	\N	210
76	\N	215
77	\N	216
79	\N	226
80	\N	229
81	\N	230
82	\N	231
83	\N	232
84	\N	234
85	\N	236
86	\N	239
88	\N	243
89	\N	244
91	\N	254
92	\N	255
93	\N	257
95	\N	261
96	\N	262
97	\N	266
98	\N	269
99	\N	279
100	\N	286
101	\N	287
103	\N	295
106	\N	304
107	\N	309
108	\N	310
109	\N	315
110	\N	316
112	\N	326
114	\N	328
115	\N	331
116	\N	332
117	\N	333
118	\N	334
119	\N	335
121	\N	338
122	\N	346
123	\N	349
124	\N	352
125	\N	357
127	\N	364
128	\N	369
129	\N	373
131	\N	380
132	\N	382
133	\N	388
135	\N	390
136	\N	394
138	\N	399
139	\N	401
140	\N	404
141	\N	406
143	\N	409
144	\N	410
145	\N	411
146	\N	412
148	\N	416
150	\N	418
151	\N	424
154	\N	432
156	\N	437
157	\N	440
158	\N	442
159	\N	443
161	\N	452
162	\N	454
163	\N	457
164	\N	464
167	\N	469
169	\N	473
171	\N	479
172	\N	481
173	\N	485
174	\N	486
175	\N	487
176	\N	488
177	\N	493
178	\N	494
179	\N	497
180	\N	499
181	\N	501
182	\N	505
183	\N	507
186	\N	513
189	\N	516
191	\N	523
193	\N	527
194	\N	541
6	http://www.research.ed.ac.uk/portal/en/persons/myrto-arapinis(e4fface3-9781-4bfa-9a40-9340f707cde3).html	19
4	http://www.research.ed.ac.uk/portal/en/persons/stuart-anderson(c3bee2e3-cad6-4ae1-9d94-d17f8bb39935).html	14
7	http://www.research.ed.ac.uk/portal/en/persons/david-aspinall(2db0a63a-084d-4b6e-ba29-416854572865).html	20
192	http://www.research.ed.ac.uk/portal/en/persons/andrea-weisse(2b99a314-bee7-4212-9f53-dc327f9000a9).html	525
190	http://www.research.ed.ac.uk/portal/en/persons/petros-wallden(05ed47ac-4c5e-4f9a-b7b2-45828eaad326).html	517
12	http://www.research.ed.ac.uk/portal/en/persons/nicolas-behr(98bf9b09-8ee9-483e-ac6a-d3e643dc1c13).html	35
188	http://www.research.ed.ac.uk/portal/en/persons/william-waites(5f1081ed-4ecb-4424-a9fd-24aa080a4943).html	515
187	http://www.research.ed.ac.uk/portal/en/persons/philip-wadler(62297b26-8314-4d54-950e-4f43a6ea346f).html	514
184	http://www.research.ed.ac.uk/portal/en/persons/kami-vaniea(087adc6d-e04b-4168-8824-2fa69f6b39e7).html	508
185	http://www.research.ed.ac.uk/portal/en/persons/stratis-viglas(3d2352c5-8e16-4434-8802-67d74d0a4b36).html	511
166	http://www.research.ed.ac.uk/portal/en/persons/slawek-staworko(4be28f39-3737-498d-a5e0-1f1d2a66bf96).html	466
170	http://www.research.ed.ac.uk/portal/en/persons/colin-stirling(60e011b9-a62e-4124-98fb-32b89cf535e0).html	474
168	http://www.research.ed.ac.uk/portal/en/persons/james-mckinna(6c3e7030-0836-4ad5-a584-312ff81b3208).html	472
165	http://www.research.ed.ac.uk/portal/en/persons/ian-stark(e111bbd0-4d9c-45a9-8a1c-6ed33c871568).html	465
160	http://www.research.ed.ac.uk/portal/en/persons/nassim-seghir(e3faa07c-01c2-4dd3-b052-bb2ab36b0dd0).html	446
152	http://www.research.ed.ac.uk/portal/en/persons/morteza-kheirkhah-sabetghadam(644bf630-1790-40c4-880a-ae70d9e89936).html	427
153	http://www.research.ed.ac.uk/portal/en/persons/don-sannella(c7768903-0762-4f00-9759-f612b0891eba).html	431
149	http://www.research.ed.ac.uk/portal/en/persons/wilmer-ricciotti(f66a2291-496c-4371-a060-ef2d68c379f3).html	417
147	http://www.research.ed.ac.uk/portal/en/persons/daniel-reijsbergen(08bfa1aa-ba40-4155-8711-2c421ef20c49).html	414
155	http://www.research.ed.ac.uk/portal/en/persons/rik-sarkar(4d5e5fe2-2528-4d9b-b959-040eda566c1b).html	433
142	http://www.research.ed.ac.uk/portal/en/persons/ajitha-rajan(607874d7-5cb4-46f1-80a4-36976a668076).html	407
137	http://www.research.ed.ac.uk/portal/en/persons/gordon-plotkin(6cf8f7b5-bd2b-43d0-85ba-445099f8fda0).html	397
134	http://www.research.ed.ac.uk/portal/en/persons/roland-perera(e76a7c40-a177-4eb5-9ac3-12ab104895f8).html	389
130	http://www.research.ed.ac.uk/portal/en/persons/anna-pappa(0d67ab98-d7ac-4e65-9080-140a9555a5bc).html	378
126	http://www.research.ed.ac.uk/portal/en/persons/garrett-morris(3689a744-b724-4631-92b9-58159b762936).html	359
120	http://www.research.ed.ac.uk/portal/en/persons/james-mckinna(6c3e7030-0836-4ad5-a584-312ff81b3208).html	336
113	http://www.research.ed.ac.uk/portal/en/persons/richard-mayr(09931c59-595a-487a-a38f-2b28fdc4e406).html	327
111	http://www.research.ed.ac.uk/portal/en/persons/sebastian-maneth(265079a1-b5d5-4ff1-bf46-d0ad26e0d424).html	319
105	http://www.research.ed.ac.uk/portal/en/persons/john-longley(59e63ebd-3ce8-45f1-83b5-42c5edfc693e).html	299
104	http://www.research.ed.ac.uk/portal/en/persons/sam-lindley(b707b343-a7ca-4798-ba5c-f5414cf4b9c1).html	296
102	http://www.research.ed.ac.uk/portal/en/persons/leonid-libkin(a22b33fa-e7d7-44ba-9445-2184c0fb4aad).html	292
94	http://www.research.ed.ac.uk/portal/en/persons/aggelos-kiayias(8bf34ce8-09c6-4f1f-a575-df3c17a4a9d4).html	258
87	http://www.research.ed.ac.uk/portal/en/persons/k-kalorkoti(03916cbc-3a54-4de4-be54-09c23f44dbb5).html	241
90	http://www.research.ed.ac.uk/portal/en/persons/elham-kashefi(c7b2c9cf-958c-4978-ab9f-b6298dcd3835).html	247
75	http://www.research.ed.ac.uk/portal/en/persons/ricardo-honorato-zimmer(466ea3f9-a708-476f-a4b0-ca05a67d7a03).html	214
78	http://www.research.ed.ac.uk/portal/en/persons/paul-jackson(010f9bf0-c04c-4cfb-ab3d-ca150de1e706).html	223
74	http://www.research.ed.ac.uk/portal/en/persons/wei-chen(1d499fa8-54c4-4217-904e-9b5e2bcefc61).html	213
71	http://www.research.ed.ac.uk/portal/en/persons/chris-heunen(7eae1274-53e7-4f0d-b4ba-9ebce41cc4b3).html	208
72	http://www.research.ed.ac.uk/portal/en/persons/jane-hillston(b223964a-b6ef-4ca3-a6f4-8d8eca420a49).html	209
57	http://www.research.ed.ac.uk/portal/en/persons/vashti-galpin(b7052dd1-b82d-4392-97c4-f3662fee86f2).html	158
60	http://www.research.ed.ac.uk/portal/en/persons/stephen-gilmore(d430ddd7-e27f-4342-9c97-e9165778078e).html	169
58	http://www.research.ed.ac.uk/portal/en/persons/ilias-garnier(8fda0e73-b28f-475d-9ba3-6d812a0d9fd1).html	160
63	http://www.research.ed.ac.uk/portal/en/persons/andrew-gordon(b7a571dd-0f0d-44d5-b185-e60a185a3ca3).html	176
48	http://www.research.ed.ac.uk/portal/en/persons/kousha-etessami(e554cc1b-7106-4355-afce-280d0a04e34a).html	132
50	http://www.research.ed.ac.uk/portal/en/persons/wenfei-fan(575cc1dd-c44a-4933-a690-16f21e8ee10a).html	136
42	http://www.research.ed.ac.uk/portal/en/persons/ilias-diakonikolas(d6667408-8b44-4c51-8e24-9422e7d2b2c5).html	117
38	http://www.research.ed.ac.uk/portal/en/persons/fredrik-dahlqvist(9c630a5d-8d22-4bb1-88d4-71ae9900cadd).html	106
36	http://www.research.ed.ac.uk/portal/en/persons/mary-cryan(2bc1f446-66d9-43c8-98d4-9843a4f12b07).html	103
39	http://www.research.ed.ac.uk/portal/en/persons/vincent-danos(66ef2544-9295-4e01-bc75-49a28d907749).html	108
31	http://www.research.ed.ac.uk/portal/en/persons/james-cheney(1c6a1e04-4291-426e-a921-42be34ba8494).html	85
30	http://www.research.ed.ac.uk/portal/en/persons/wei-chen(1d499fa8-54c4-4217-904e-9b5e2bcefc61).html	83
25	http://www.research.ed.ac.uk/portal/en/persons/brian-campbell(6b2472cb-5094-4a65-95be-24ea7e87dd6b).html	67
27	http://www.research.ed.ac.uk/portal/en/persons/matteo-cavaliere(cc9ffdea-6c5b-473a-976f-a5272cff17bf).html	72
24	http://www.research.ed.ac.uk/portal/en/persons/paul-jackson(010f9bf0-c04c-4cfb-ab3d-ca150de1e706).html	65
23	http://www.research.ed.ac.uk/portal/en/persons/peter-buneman(90396347-473b-4fba-8b1d-a1d25ea18b6b).html	63
19	http://www.research.ed.ac.uk/portal/en/persons/julian-bradfield(213fbdf4-a67d-4b06-8614-3b864f740266).html	53
\.


--
-- Name: staff_id_seq; Type: SEQUENCE SET; Schema: public; Owner: -
--

SELECT pg_catalog.setval('staff_id_seq', 194, true);


--
-- Data for Name: suggestions; Type: TABLE DATA; Schema: public; Owner: -
--

COPY suggestions (id, person_id, dict, final) FROM stdin;
\.


--
-- Name: suggestions_id_seq; Type: SEQUENCE SET; Schema: public; Owner: -
--

SELECT pg_catalog.setval('suggestions_id_seq', 1, false);


--
-- Data for Name: supervising_table; Type: TABLE DATA; Schema: public; Owner: -
--

COPY supervising_table (staff, phd) FROM stdin;
72	1
4	1
137	2
165	2
105	3
153	3
168	4
48	5
113	5
24	6
102	7
66	8
87	9
80	9
153	10
4	10
185	11
155	13
165	14
165	15
72	15
137	16
137	17
170	21
122	22
36	23
48	23
123	24
189	24
170	25
137	25
162	26
163	26
4	27
122	28
170	29
153	31
50	33
122	37
154	38
31	39
139	41
4	43
170	44
48	45
113	45
60	46
72	47
60	50
187	51
36	52
123	53
153	53
170	54
137	54
60	56
137	57
139	57
72	58
153	59
4	59
60	60
153	64
24	64
4	65
31	66
4	67
72	68
137	68
137	69
139	69
162	70
104	71
187	71
165	72
19	73
72	73
3	74
31	74
4	75
139	75
19	76
189	77
137	77
72	78
19	79
153	80
86	80
6	81
155	82
24	83
80	84
80	85
4	86
123	86
55	86
137	88
19	89
165	89
170	89
60	90
137	93
153	93
153	94
74	94
153	95
122	95
24	96
139	96
4	97
187	98
153	98
105	99
162	99
153	100
4	100
139	100
153	102
137	102
39	103
137	103
50	104
102	104
187	105
23	106
170	107
189	107
22	109
50	111
137	112
170	113
19	113
170	114
137	115
162	115
154	116
71	117
155	118
153	119
165	119
31	120
187	120
165	121
60	124
72	124
153	125
78	125
24	126
78	126
137	127
170	127
185	128
23	128
60	129
187	129
153	129
31	130
185	131
78	132
165	133
170	135
19	138
141	138
78	139
132	139
122	141
165	142
60	142
4	143
137	144
72	145
86	147
50	148
4	149
72	149
153	151
4	151
4	152
123	153
4	153
168	154
170	154
185	155
36	156
80	156
60	157
153	157
24	158
137	159
165	160
120	160
55	161
122	163
60	164
90	165
155	165
162	166
137	167
122	168
4	170
185	172
187	110
104	110
42	174
154	174
4	175
60	176
165	176
170	177
60	179
4	179
170	180
189	180
39	181
78	182
72	183
42	184
48	184
4	185
137	186
4	187
23	188
111	188
153	189
187	189
72	190
163	190
24	191
72	192
57	192
122	193
137	194
139	194
137	195
76	195
102	196
78	197
24	198
72	199
153	200
123	200
122	201
165	203
165	205
122	208
78	209
137	210
80	211
72	212
165	212
80	215
48	218
137	219
142	220
80	221
33	222
24	224
139	224
137	225
139	225
168	226
4	227
139	227
48	228
50	229
102	229
122	230
122	231
4	233
153	233
60	234
168	234
185	236
102	237
34	238
39	238
60	239
50	240
55	241
50	242
102	245
113	245
187	246
126	246
123	247
170	248
48	249
105	250
50	251
59	251
50	252
102	252
187	254
142	255
39	256
137	258
187	260
126	260
60	261
4	140
4	150
170	232
63	223
185	40
78	213
7	14
7	18
7	31
7	39
7	72
7	121
7	207
7	220
7	244
7	223
136	12
153	12
\.


--
-- Data for Name: users; Type: TABLE DATA; Schema: public; Owner: -
--

COPY users (email, password, first_name, last_name, authenticated) FROM stdin;
admin	$2b$12$1pYxlepBVXPJDLeqDusi..SalQ3J7n8Mh/6/NkMWYxFbHbwbO13G2	Admin	Admin	t
\.


--
-- Name: associates_pkey; Type: CONSTRAINT; Schema: public; Owner: -; Tablespace: 
--

ALTER TABLE ONLY associates
    ADD CONSTRAINT associates_pkey PRIMARY KEY (id);


--
-- Name: dates_pkey; Type: CONSTRAINT; Schema: public; Owner: -; Tablespace: 
--

ALTER TABLE ONLY dates
    ADD CONSTRAINT dates_pkey PRIMARY KEY (id);


--
-- Name: grants_pkey; Type: CONSTRAINT; Schema: public; Owner: -; Tablespace: 
--

ALTER TABLE ONLY grants
    ADD CONSTRAINT grants_pkey PRIMARY KEY (id);


--
-- Name: people_pkey; Type: CONSTRAINT; Schema: public; Owner: -; Tablespace: 
--

ALTER TABLE ONLY people
    ADD CONSTRAINT people_pkey PRIMARY KEY (id);


--
-- Name: phd_pkey; Type: CONSTRAINT; Schema: public; Owner: -; Tablespace: 
--

ALTER TABLE ONLY phd
    ADD CONSTRAINT phd_pkey PRIMARY KEY (id);


--
-- Name: positions_pkey; Type: CONSTRAINT; Schema: public; Owner: -; Tablespace: 
--

ALTER TABLE ONLY positions
    ADD CONSTRAINT positions_pkey PRIMARY KEY (id);


--
-- Name: postdocs_pkey; Type: CONSTRAINT; Schema: public; Owner: -; Tablespace: 
--

ALTER TABLE ONLY postdocs
    ADD CONSTRAINT postdocs_pkey PRIMARY KEY (id);


--
-- Name: staff_pkey; Type: CONSTRAINT; Schema: public; Owner: -; Tablespace: 
--

ALTER TABLE ONLY staff
    ADD CONSTRAINT staff_pkey PRIMARY KEY (id);


--
-- Name: suggestions_pkey; Type: CONSTRAINT; Schema: public; Owner: -; Tablespace: 
--

ALTER TABLE ONLY suggestions
    ADD CONSTRAINT suggestions_pkey PRIMARY KEY (id);


--
-- Name: users_pkey; Type: CONSTRAINT; Schema: public; Owner: -; Tablespace: 
--

ALTER TABLE ONLY users
    ADD CONSTRAINT users_pkey PRIMARY KEY (email);


--
-- Name: ix_people_search_vector; Type: INDEX; Schema: public; Owner: -; Tablespace: 
--

CREATE INDEX ix_people_search_vector ON people USING gin (search_vector);


--
-- Name: ix_phd_search_vector; Type: INDEX; Schema: public; Owner: -; Tablespace: 
--

CREATE INDEX ix_phd_search_vector ON phd USING gin (search_vector);


--
-- Name: ix_positions_search_vector; Type: INDEX; Schema: public; Owner: -; Tablespace: 
--

CREATE INDEX ix_positions_search_vector ON positions USING gin (search_vector);


--
-- Name: people_search_vector_trigger; Type: TRIGGER; Schema: public; Owner: -
--

CREATE TRIGGER people_search_vector_trigger BEFORE INSERT OR UPDATE ON people FOR EACH ROW EXECUTE PROCEDURE people_search_vector_update();


--
-- Name: phd_search_vector_trigger; Type: TRIGGER; Schema: public; Owner: -
--

CREATE TRIGGER phd_search_vector_trigger BEFORE INSERT OR UPDATE ON phd FOR EACH ROW EXECUTE PROCEDURE phd_search_vector_update();


--
-- Name: positions_search_vector_trigger; Type: TRIGGER; Schema: public; Owner: -
--

CREATE TRIGGER positions_search_vector_trigger BEFORE INSERT OR UPDATE ON positions FOR EACH ROW EXECUTE PROCEDURE positions_search_vector_update();


--
-- Name: associates_person_id_fkey; Type: FK CONSTRAINT; Schema: public; Owner: -
--

ALTER TABLE ONLY associates
    ADD CONSTRAINT associates_person_id_fkey FOREIGN KEY (person_id) REFERENCES people(id);


--
-- Name: dates_associate_id_fkey; Type: FK CONSTRAINT; Schema: public; Owner: -
--

ALTER TABLE ONLY dates
    ADD CONSTRAINT dates_associate_id_fkey FOREIGN KEY (associate_id) REFERENCES associates(id);


--
-- Name: dates_grant_id_fkey; Type: FK CONSTRAINT; Schema: public; Owner: -
--

ALTER TABLE ONLY dates
    ADD CONSTRAINT dates_grant_id_fkey FOREIGN KEY (grant_id) REFERENCES grants(id);


--
-- Name: dates_person_id_fkey; Type: FK CONSTRAINT; Schema: public; Owner: -
--

ALTER TABLE ONLY dates
    ADD CONSTRAINT dates_person_id_fkey FOREIGN KEY (person_id) REFERENCES people(id);


--
-- Name: dates_phd_id_fkey; Type: FK CONSTRAINT; Schema: public; Owner: -
--

ALTER TABLE ONLY dates
    ADD CONSTRAINT dates_phd_id_fkey FOREIGN KEY (phd_id) REFERENCES phd(id);


--
-- Name: dates_position_id_fkey; Type: FK CONSTRAINT; Schema: public; Owner: -
--

ALTER TABLE ONLY dates
    ADD CONSTRAINT dates_position_id_fkey FOREIGN KEY (position_id) REFERENCES positions(id);


--
-- Name: dates_postdoc_id_fkey; Type: FK CONSTRAINT; Schema: public; Owner: -
--

ALTER TABLE ONLY dates
    ADD CONSTRAINT dates_postdoc_id_fkey FOREIGN KEY (postdoc_id) REFERENCES postdocs(id);


--
-- Name: dates_staff_id_fkey; Type: FK CONSTRAINT; Schema: public; Owner: -
--

ALTER TABLE ONLY dates
    ADD CONSTRAINT dates_staff_id_fkey FOREIGN KEY (staff_id) REFERENCES staff(id);


--
-- Name: grant_table_grants_fkey; Type: FK CONSTRAINT; Schema: public; Owner: -
--

ALTER TABLE ONLY grant_table
    ADD CONSTRAINT grant_table_grants_fkey FOREIGN KEY (grants) REFERENCES grants(id);


--
-- Name: grant_table_staff_fkey; Type: FK CONSTRAINT; Schema: public; Owner: -
--

ALTER TABLE ONLY grant_table
    ADD CONSTRAINT grant_table_staff_fkey FOREIGN KEY (staff) REFERENCES staff(id);


--
-- Name: grants_staff_id_fkey; Type: FK CONSTRAINT; Schema: public; Owner: -
--

ALTER TABLE ONLY grants
    ADD CONSTRAINT grants_staff_id_fkey FOREIGN KEY (staff_id) REFERENCES staff(id);


--
-- Name: phd_person_id_fkey; Type: FK CONSTRAINT; Schema: public; Owner: -
--

ALTER TABLE ONLY phd
    ADD CONSTRAINT phd_person_id_fkey FOREIGN KEY (person_id) REFERENCES people(id);


--
-- Name: positions_associate_id_fkey; Type: FK CONSTRAINT; Schema: public; Owner: -
--

ALTER TABLE ONLY positions
    ADD CONSTRAINT positions_associate_id_fkey FOREIGN KEY (associate_id) REFERENCES associates(id);


--
-- Name: positions_staff_id_fkey; Type: FK CONSTRAINT; Schema: public; Owner: -
--

ALTER TABLE ONLY positions
    ADD CONSTRAINT positions_staff_id_fkey FOREIGN KEY (staff_id) REFERENCES staff(id);


--
-- Name: postdoc_table_postdocs_fkey; Type: FK CONSTRAINT; Schema: public; Owner: -
--

ALTER TABLE ONLY postdoc_table
    ADD CONSTRAINT postdoc_table_postdocs_fkey FOREIGN KEY (postdocs) REFERENCES postdocs(id);


--
-- Name: postdoc_table_staff_fkey; Type: FK CONSTRAINT; Schema: public; Owner: -
--

ALTER TABLE ONLY postdoc_table
    ADD CONSTRAINT postdoc_table_staff_fkey FOREIGN KEY (staff) REFERENCES staff(id);


--
-- Name: postdocs_person_id_fkey; Type: FK CONSTRAINT; Schema: public; Owner: -
--

ALTER TABLE ONLY postdocs
    ADD CONSTRAINT postdocs_person_id_fkey FOREIGN KEY (person_id) REFERENCES people(id);


--
-- Name: staff_person_id_fkey; Type: FK CONSTRAINT; Schema: public; Owner: -
--

ALTER TABLE ONLY staff
    ADD CONSTRAINT staff_person_id_fkey FOREIGN KEY (person_id) REFERENCES people(id);


--
-- Name: suggestions_person_id_fkey; Type: FK CONSTRAINT; Schema: public; Owner: -
--

ALTER TABLE ONLY suggestions
    ADD CONSTRAINT suggestions_person_id_fkey FOREIGN KEY (person_id) REFERENCES people(id);


--
-- Name: supervising_table_phd_fkey; Type: FK CONSTRAINT; Schema: public; Owner: -
--

ALTER TABLE ONLY supervising_table
    ADD CONSTRAINT supervising_table_phd_fkey FOREIGN KEY (phd) REFERENCES phd(id);


--
-- Name: supervising_table_staff_fkey; Type: FK CONSTRAINT; Schema: public; Owner: -
--

ALTER TABLE ONLY supervising_table
    ADD CONSTRAINT supervising_table_staff_fkey FOREIGN KEY (staff) REFERENCES staff(id);


--
-- PostgreSQL database dump complete
--

